# Generated by `cargo run --release --example paper_tables` in libqueuingsim/. Synthetic workload; do not edit by hand.
rate,cap,policy,throughput,throughput_hw,hit,hit_hw,ttft,ttft_hw,ttft_p99,ttft_p99_hw,response,response_hw,entry_wait,entry_wait_hw,thrashed,seeds
0.20,16,SF,2.1440,0.0320,0.9942,0.0022,0.2362,0.0320,1.8491,0.4197,0.3159,0.0323,19.7486,11.7794,0,20
0.20,16,Density,2.1455,0.0281,0.9931,0.0030,0.2565,0.0569,2.7046,1.7573,0.3364,0.0570,20.1599,12.5801,0,20
0.20,16,PricedTau,2.1520,0.0300,0.9937,0.0021,0.2341,0.0328,2.1471,1.0380,0.3138,0.0329,16.3251,9.3951,0,20
0.28,16,SF,2.6197,0.0285,0.9886,0.0033,0.3030,0.0657,3.3043,2.3406,0.3837,0.0659,1365.2341,194.5118,0,20
0.28,16,Density,2.5816,0.0475,0.9872,0.0033,0.3910,0.1242,5.8435,4.1237,0.4717,0.1243,1409.6351,181.2901,0,20
0.28,16,PricedTau,2.6226,0.0132,0.9883,0.0026,0.2924,0.0276,2.5214,0.6037,0.3732,0.0278,1368.3013,196.7440,0,20
0.20,24,SF,2.1292,0.0258,0.9574,0.0240,0.8048,0.5050,13.2793,8.4114,0.8848,0.5054,77.0161,94.4498,0,20
0.20,24,Density,2.1340,0.0541,0.9479,0.0173,0.9605,0.4534,17.5441,8.6786,1.0409,0.4536,87.9321,121.0269,0,20
0.20,24,PricedTau,2.1406,0.0264,0.9582,0.0166,0.7125,0.2736,12.2489,4.8881,0.7927,0.2738,36.1820,42.4019,0,20
0.28,24,SF,2.6890,0.1035,0.7740,0.0205,2.7920,0.4850,30.6502,7.0846,2.8738,0.4853,1035.1250,420.4858,0,20
0.28,24,Density,2.4777,0.1333,0.7644,0.0246,3.5809,0.6547,37.8537,5.6669,3.6629,0.6549,1794.7041,629.8026,0,20
0.28,24,PricedTau,2.6696,0.0830,0.7912,0.0230,2.6447,0.4137,30.4152,4.7550,2.7263,0.4139,972.3012,328.4313,0,20
0.20,32,SF,2.0234,0.0741,0.8823,0.0593,2.7828,1.4481,25.0120,8.9982,2.8628,1.4482,225.1395,192.7296,0,20
0.20,32,Density,1.9432,0.1390,0.8185,0.0999,4.7900,2.8012,30.4497,13.6616,4.8702,2.8014,831.0263,649.4309,2,20
0.20,32,PricedTau,2.0528,0.0519,0.8970,0.0598,2.2739,1.3048,20.1195,9.5586,2.3537,1.3049,235.2431,274.5348,0,20
0.28,32,SF,1.5550,0.0834,0.4251,0.0166,14.8207,1.1535,63.2625,6.0303,14.9012,1.1537,4740.8896,442.5263,20,20
0.28,32,Density,1.5753,0.1033,0.4630,0.0318,14.3827,1.4554,63.9035,9.1921,14.4633,1.4556,4135.0075,647.3454,15,20
0.28,32,PricedTau,1.5209,0.1211,0.4409,0.0373,15.4136,1.9522,66.5971,8.6789,15.4941,1.9523,4567.5002,888.9702,18,20
