# Generated by `uv run python -m report.paper_tables` in validation/. Synthetic workload; do not edit by hand.
regime,policy,mean_cost_over_opt,max_cost_over_opt
equal_p,SF,1.10751,1.67020
equal_p,Density,1.10751,1.67020
equal_p,Guarded,1.03759,1.36036
varied_p,SF,1.90245,10.05407
varied_p,Density,1.13628,2.85772
varied_p,Guarded,1.03175,1.33952
p_falls_with_c,SF,2.03749,8.59938
p_falls_with_c,Density,1.14572,2.67097
p_falls_with_c,Guarded,1.02985,1.87081
arbitrary_w,SF,6.7399e6,1.0045e9
arbitrary_w,Density,1.09122,6.71404
arbitrary_w,Guarded,1.00540,1.26876
