session,turn,new,out,think,forced
0,1,2004,4,17.86,0
0,2,2074,4,1.185,0
0,3,2409,4,4.971,0
0,4,2661,4,1.674,0
0,5,2883,4,23.917,0
0,6,3640,4,1.588,0
0,7,3881,4,15.049,0
0,8,4099,4,15.301,0
0,9,4722,4,2.107,0
0,10,4967,4,0.0,0
1,1,2004,1,7.177,0
1,2,6004,3,0.008,0
1,3,10004,2,0.126,0
1,4,10360,2,7.551,0
1,5,11528,1,0.002,0
1,6,12167,3,5.156,0
1,7,12327,2,0.007,1
1,8,13221,2,7.57,0
1,9,13505,4,0.008,0
1,10,13937,4,0.0,0
2,1,2004,2,7.185,0
2,2,5824,2,8.209,0
2,3,7468,4,6.355,0
2,4,8670,3,5.62,0
2,5,9735,4,8.615,0
2,6,10747,2,5.626,0
2,7,11938,2,0.074,0
2,8,12402,2,0.006,1
2,9,12467,4,0.0,0
3,1,2004,3,7.067,0
3,2,6006,4,7.009,1
3,3,10006,3,5.093,0
3,4,12518,3,6.429,0
3,5,13064,1,5.612,0
3,6,14622,4,0.091,0
3,7,15084,4,0.123,0
3,8,15338,2,0.104,0
3,9,15531,1,0.001,0
3,10,17531,4,0.0,0
4,1,2004,4,1.921,0
4,2,2567,4,0.047,0
4,3,2724,4,2.685,0
4,4,5649,1,0.064,0
4,5,5862,4,0.015,0
4,6,6812,4,3.125,0
4,7,7722,1,2.524,0
4,8,8204,4,0.065,0
4,9,8371,4,0.016,0
4,10,8453,4,0.0,0
5,1,2004,1,6.326,0
5,2,4834,4,5.907,0
5,3,7537,4,5.855,0
5,4,11537,2,7.591,0
5,5,15013,2,6.298,0
5,6,18067,4,4.993,0
5,7,19422,3,0.007,0
5,8,20179,3,5.638,0
5,9,21157,1,0.007,0
5,10,22031,1,0.0,0
6,1,2004,4,2.107,0
6,2,2845,4,0.466,0
6,3,3886,4,0.095,0
6,4,3962,4,1.899,0
6,5,4095,1,2.544,1
6,6,7494,4,2.205,0
6,7,8792,1,2.694,0
6,8,10472,1,0.23,0
6,9,10760,4,0.023,0
6,10,11644,4,0.0,0
7,1,2004,3,0.095,0
7,2,2660,3,0.031,0
7,3,3969,4,0.031,0
7,4,4226,1,0.031,0
7,5,4679,3,0.038,0
7,6,5932,4,0.021,0
7,7,6656,1,0.022,0
7,8,8521,1,0.081,0
7,9,9156,1,0.015,0
7,10,10187,1,0.0,0
8,1,2004,4,7.936,0
8,2,6006,1,5.393,1
8,3,8806,4,7.88,0
8,4,12806,3,0.002,0
8,5,15169,1,0.359,0
8,6,18006,4,5.857,0
8,7,18230,4,4.897,1
8,8,19694,1,0.005,0
8,9,20712,1,0.133,0
8,10,20967,4,0.0,0
9,1,2004,4,3.701,0
9,2,4353,2,3.737,0
9,3,8353,4,8.654,0
9,4,9282,4,4.55,0
9,5,10198,2,7.967,0
9,6,11106,2,5.526,0
9,7,11948,3,0.005,0
9,8,14197,4,4.939,1
9,9,14599,4,4.19,0
9,10,15748,4,0.0,0
10,1,2004,4,0.043,0
10,2,2981,4,0.204,0
10,3,3070,4,0.036,1
10,4,3944,4,0.451,0
10,5,4112,4,2.314,0
10,6,4309,4,2.306,0
10,7,4506,4,2.277,0
10,8,4798,4,0.896,0
10,9,4878,4,2.37,0
10,10,5525,4,0.0,0
11,1,2004,4,0.01,0
11,2,2527,4,0.012,0
11,3,3171,4,0.059,0
11,4,4618,4,0.034,0
11,5,4707,4,30.0,0
11,6,4995,4,22.318,0
11,7,5086,4,2.328,0
11,8,6277,4,4.409,0
11,9,7353,4,18.73,0
11,10,8318,4,0.0,0
12,1,2004,4,0.108,0
12,2,2294,4,0.094,0
12,3,4015,4,0.103,0
12,4,4095,4,30.0,0
12,5,4317,4,21.576,0
12,6,4533,4,0.037,0
12,7,4914,4,30.0,0
12,8,5165,4,0.023,0
12,9,5467,4,5.606,0
12,10,6062,4,0.0,0
13,1,2004,4,22.889,0
13,2,2477,4,24.479,0
13,3,2827,4,6.026,0
13,4,3890,4,0.037,0
13,5,4556,4,0.073,1
13,6,4615,4,21.82,0
13,7,5072,4,0.037,0
13,8,5484,4,0.023,0
13,9,5800,4,0.094,0
13,10,5850,4,0.0,0
14,1,2004,4,30.0,0
14,2,2150,4,0.048,0
14,3,2266,4,30.0,0
14,4,2358,4,0.061,0
14,5,3101,4,0.238,0
14,6,3909,4,0.135,0
14,7,4066,4,0.229,0
14,8,4184,4,0.108,0
14,9,4324,4,0.048,1
14,10,4447,4,0.0,0
15,1,2004,4,1.611,0
15,2,2186,4,30.0,0
15,3,2423,4,2.224,0
15,4,4233,4,1.599,0
15,5,4975,4,0.069,0
15,6,5400,4,0.054,1
15,7,7275,4,0.077,0
15,8,9803,4,0.082,0
15,9,11290,4,0.057,1
15,10,12280,4,0.0,0
16,1,2004,4,1.724,0
16,2,2331,4,0.046,0
16,3,2380,4,30.0,0
16,4,4148,4,0.062,1
16,5,4301,4,0.069,0
16,6,4683,4,0.055,0
16,7,4778,4,0.065,1
16,8,4872,4,0.044,0
16,9,5016,4,0.089,0
16,10,5355,4,0.0,0
17,1,2004,4,7.107,0
17,2,2424,4,7.708,0
17,3,2744,4,5.333,0
17,4,3088,4,30.0,0
17,5,3360,4,7.193,1
17,6,3632,4,30.0,1
17,7,3783,4,30.0,0
17,8,4666,4,6.037,0
17,9,4859,4,30.0,0
17,10,5176,4,0.0,0
18,1,2004,4,0.057,0
18,2,2128,4,0.075,1
18,3,2573,4,0.054,0
18,4,2742,4,0.061,0
18,5,2944,4,0.064,0
18,6,3128,4,30.0,0
18,7,3778,4,11.457,0
18,8,5115,4,2.606,0
18,9,5773,4,0.147,0
18,10,6235,4,0.0,1
19,1,2004,4,3.362,0
19,2,2166,4,0.56,0
19,3,2284,4,0.205,0
19,4,3870,4,5.683,0
19,5,3924,4,2.106,1
19,6,3999,4,9.412,0
19,7,4096,4,30.0,0
19,8,5028,4,30.0,0
19,9,5487,4,30.0,0
19,10,5938,4,0.0,0
20,1,2004,4,0.179,0
20,2,2941,4,0.223,0
20,3,2986,4,0.199,0
20,4,3627,4,2.011,0
20,5,4234,4,2.908,0
20,6,5212,4,0.196,0
20,7,5999,4,0.283,1
20,8,7502,4,13.289,1
20,9,8410,4,5.814,0
20,10,8774,4,0.0,0
21,1,2004,4,22.912,0
21,2,2071,4,30.0,0
21,3,3236,4,0.238,0
21,4,4197,4,30.0,0
21,5,4784,4,0.227,0
21,6,5471,4,10.156,0
21,7,5607,4,0.332,0
21,8,6048,4,0.172,0
21,9,6445,4,0.122,0
21,10,6477,4,0.0,0
22,1,2004,4,30.0,0
22,2,2305,4,0.051,0
22,3,2368,4,0.041,0
22,4,2543,4,30.0,0
22,5,2627,4,10.242,0
22,6,2830,4,6.815,0
22,7,2987,4,0.033,0
22,8,3067,4,30.0,0
22,9,3151,4,9.789,0
22,10,3377,4,0.0,0
23,1,2004,4,0.099,0
23,2,3632,4,0.065,0
23,3,3765,4,30.0,0
23,4,6975,4,30.0,0
23,5,7372,4,3.76,0
23,6,7820,4,2.553,1
23,7,8172,4,0.316,0
23,8,9680,4,25.671,1
23,9,10937,4,3.181,0
23,10,11236,4,0.0,0
24,1,2004,4,0.175,0
24,2,2602,4,3.766,0
24,3,3547,4,3.21,1
24,4,4385,4,4.845,0
24,5,5092,4,5.025,0
24,6,5836,4,5.508,0
24,7,6262,4,3.693,0
24,8,6488,4,6.101,0
24,9,6722,1,1.991,0
24,10,7529,4,0.0,1
25,1,2004,2,3.597,0
25,2,3101,4,2.63,0
25,3,3315,4,3.235,0
25,4,4358,4,5.311,1
25,5,7101,4,7.39,0
25,6,9970,1,3.87,0
25,7,11204,4,2.875,0
25,8,11255,4,7.254,0
25,9,11956,1,3.364,0
25,10,12131,4,0.0,0
26,1,2004,1,0.114,0
26,2,2081,1,0.04,0
26,3,3405,4,7.612,0
26,4,3626,1,0.036,0
26,5,4834,1,8.547,0
26,6,6280,1,0.121,0
26,7,6591,1,3.994,0
26,8,9175,4,0.113,0
26,9,9255,4,0.113,0
26,10,9387,1,0.0,0
27,1,2004,1,5.334,0
27,2,3957,1,0.03,0
27,3,5236,1,3.863,0
27,4,5505,1,4.152,0
27,5,6796,1,4.043,0
27,6,7648,1,5.008,1
27,7,8471,4,0.188,0
27,8,8932,1,0.162,0
27,9,9085,4,0.034,0
27,10,9839,4,0.0,0
28,1,2004,4,0.059,0
28,2,3287,4,0.037,0
28,3,3321,4,30.0,1
28,4,4635,4,0.088,1
28,5,5330,4,0.013,0
28,6,5529,4,0.039,0
28,7,6759,4,0.065,0
28,8,6987,4,0.13,0
28,9,7331,4,0.093,0
28,10,7688,4,0.0,0
29,1,2004,4,30.0,0
29,2,2310,4,0.039,0
29,3,2821,4,30.0,0
29,4,3702,4,0.047,0
29,5,4831,4,30.0,0
29,6,5137,4,0.034,0
29,7,5222,4,28.09,0
29,8,6123,4,30.0,0
29,9,7798,4,0.038,0
29,10,8019,4,0.0,0
30,1,2004,4,2.337,0
30,2,2774,4,2.982,0
30,3,3079,4,2.976,0
30,4,3264,4,30.0,0
30,5,3733,4,25.735,0
30,6,3905,4,26.205,0
30,7,4217,4,10.36,1
30,8,4286,4,30.0,0
30,9,8286,4,30.0,0
30,10,8641,4,0.0,0
31,1,2004,4,30.0,0
31,2,2255,4,0.05,0
31,3,2486,4,1.7,0
31,4,2615,4,2.228,0
31,5,3613,4,0.055,0
31,6,4562,4,30.0,0
31,7,5008,4,0.037,0
31,8,5703,4,4.084,0
31,9,6143,4,2.642,0
31,10,6368,4,0.0,0
32,1,2004,4,0.032,0
32,2,5564,4,30.0,0
32,3,5697,4,2.0,0
32,4,5843,4,1.727,1
32,5,6120,4,30.0,0
32,6,6179,4,7.25,0
32,7,7412,4,0.01,1
32,8,8300,4,30.0,0
32,9,10030,4,0.13,0
32,10,10418,4,0.0,0
33,1,2004,4,30.0,0
33,2,2109,4,0.005,0
33,3,2212,4,0.008,0
33,4,2376,4,30.0,0
33,5,2529,4,0.095,0
33,6,4100,4,0.115,0
33,7,5881,4,30.0,0
33,8,5967,4,0.156,0
33,9,6167,4,0.147,0
33,10,6313,4,0.0,0
34,1,2004,4,7.174,0
34,2,6004,4,5.88,0
34,3,9157,4,4.939,0
34,4,11746,4,6.446,0
34,5,14161,4,6.149,0
34,6,16744,4,8.209,0
34,7,20310,4,6.062,0
34,8,23910,4,8.024,0
34,9,26198,4,4.704,0
34,10,26604,4,0.0,0
35,1,2004,4,7.168,0
35,2,3919,4,0.042,0
35,3,5078,4,30.0,0
35,4,6906,4,13.391,0
35,5,7714,4,2.824,0
35,6,11190,4,30.0,0
35,7,14688,4,0.006,0
35,8,15327,4,0.04,1
35,9,19229,4,30.0,0
35,10,23058,4,0.0,0
36,1,2004,4,0.042,0
36,2,4190,4,0.04,0
36,3,8190,4,0.051,0
36,4,9920,4,0.05,0
36,5,11899,4,30.0,0
36,6,12179,4,0.059,0
36,7,13981,4,0.057,0
36,8,15634,4,1.189,0
36,9,15979,4,1.682,0
36,10,16093,4,0.0,0
37,1,2004,4,17.86,0
37,2,2076,4,1.185,1
37,3,2411,4,4.971,0
37,4,2665,4,1.674,1
37,5,2887,4,23.917,0
37,6,3646,4,1.588,1
37,7,3889,4,15.049,1
37,8,4107,4,15.301,0
37,9,4732,4,2.107,1
37,10,4979,4,0.0,1
38,1,2004,1,7.177,0
38,2,6006,3,0.008,1
38,3,10006,2,0.126,0
38,4,10362,2,7.551,0
38,5,11530,1,0.002,0
38,6,12169,3,5.156,0
38,7,12327,2,0.007,0
38,8,13221,2,7.57,0
38,9,13505,4,0.008,0
38,10,13937,4,0.0,0
39,1,2004,2,7.185,0
39,2,5824,2,8.209,0
39,3,7468,4,6.355,0
39,4,8670,3,5.62,0
39,5,9735,4,8.615,0
39,6,10747,2,5.626,0
39,7,11938,2,0.074,0
39,8,12400,2,0.006,0
39,9,12465,4,0.0,0
40,1,2004,3,7.067,0
40,2,6004,4,7.009,0
40,3,10004,3,5.093,0
40,4,12516,3,6.429,0
40,5,13062,1,5.612,0
40,6,14620,4,0.091,0
40,7,15082,4,0.123,0
40,8,15336,2,0.104,0
40,9,15529,1,0.001,0
40,10,17529,4,0.0,0
41,1,2004,4,1.921,0
41,2,2567,4,0.047,0
41,3,2724,4,2.685,0
41,4,5649,1,0.064,0
41,5,5862,4,0.015,0
41,6,6812,4,3.125,0
41,7,7722,1,2.524,0
41,8,8204,4,0.065,0
41,9,8371,4,0.016,0
41,10,8453,4,0.0,0
42,1,2004,1,6.326,0
42,2,4834,4,5.907,0
42,3,7537,4,5.855,0
42,4,11537,2,7.591,0
42,5,15015,2,6.298,1
42,6,18069,4,4.993,0
42,7,19424,3,0.007,0
42,8,20181,3,5.638,0
42,9,21159,1,0.007,0
42,10,22033,1,0.0,0
43,1,2004,4,2.107,0
43,2,2845,4,0.466,0
43,3,3886,4,0.095,0
43,4,3962,4,1.899,0
43,5,4093,1,2.544,0
43,6,7492,4,2.205,0
43,7,8790,1,2.694,0
43,8,10470,1,0.23,0
43,9,10758,4,0.023,0
43,10,11642,4,0.0,0
44,1,2004,3,0.095,0
44,2,2660,3,0.031,0
44,3,3971,4,0.031,1
44,4,4230,1,0.031,1
44,5,4685,3,0.038,1
44,6,5938,4,0.021,0
44,7,6662,1,0.022,0
44,8,8527,1,0.081,0
44,9,9162,1,0.015,0
44,10,10193,1,0.0,0
45,1,2004,4,7.936,0
45,2,6004,1,5.393,0
45,3,8804,4,7.88,0
45,4,12804,3,0.002,0
45,5,15167,1,0.359,0
45,6,18004,4,5.857,0
45,7,18226,4,4.897,0
45,8,19690,1,0.005,0
45,9,20710,1,0.133,1
45,10,20965,4,0.0,0
46,1,2004,4,3.701,0
46,2,4353,2,3.737,0
46,3,8353,4,8.654,0
46,4,9282,4,4.55,0
46,5,10198,2,7.967,0
46,6,11106,2,5.526,0
46,7,11950,3,0.005,1
46,8,14197,4,4.939,0
46,9,14599,4,4.19,0
46,10,15748,4,0.0,0
47,1,2004,4,0.043,0
47,2,2981,4,0.204,0
47,3,3068,4,0.036,0
47,4,3942,4,0.451,0
47,5,4110,4,2.314,0
47,6,4307,4,2.306,0
47,7,4504,4,2.277,0
47,8,4796,4,0.896,0
47,9,4876,4,2.37,0
47,10,5523,4,0.0,0
48,1,2004,4,0.01,0
48,2,2527,4,0.012,0
48,3,3171,4,0.059,0
48,4,4618,4,0.034,0
48,5,4707,4,30.0,0
48,6,4995,4,22.318,0
48,7,5086,4,2.328,0
48,8,6277,4,4.409,0
48,9,7353,4,18.73,0
48,10,8318,4,0.0,0
49,1,2004,4,0.108,0
49,2,2294,4,0.094,0
49,3,4015,4,0.103,0
49,4,4095,4,30.0,0
49,5,4317,4,21.576,0
49,6,4535,4,0.037,1
49,7,4916,4,30.0,0
49,8,5169,4,0.023,1
49,9,5473,4,5.606,1
49,10,6068,4,0.0,0
50,1,2004,4,22.889,0
50,2,2477,4,24.479,0
50,3,2827,4,6.026,0
50,4,3890,4,0.037,0
50,5,4554,4,0.073,0
50,6,4615,4,21.82,1
50,7,5072,4,0.037,0
50,8,5484,4,0.023,0
50,9,5800,4,0.094,0
50,10,5850,4,0.0,0
51,1,2004,4,30.0,0
51,2,2150,4,0.048,0
51,3,2266,4,30.0,0
51,4,2358,4,0.061,0
51,5,3101,4,0.238,0
51,6,3909,4,0.135,0
51,7,4066,4,0.229,0
51,8,4184,4,0.108,0
51,9,4322,4,0.048,0
51,10,4445,4,0.0,0
52,1,2004,4,1.611,0
52,2,2186,4,30.0,0
52,3,2423,4,2.224,0
52,4,4233,4,1.599,0
52,5,4975,4,0.069,0
52,6,5398,4,0.054,0
52,7,7273,4,0.077,0
52,8,9801,4,0.082,0
52,9,11286,4,0.057,0
52,10,12276,4,0.0,0
53,1,2004,4,1.724,0
53,2,2331,4,0.046,0
53,3,2382,4,30.0,1
53,4,4148,4,0.062,0
53,5,4301,4,0.069,0
53,6,4683,4,0.055,0
53,7,4776,4,0.065,0
53,8,4870,4,0.044,0
53,9,5014,4,0.089,0
53,10,5355,4,0.0,1
54,1,2004,4,7.107,0
54,2,2426,4,7.708,1
54,3,2746,4,5.333,0
54,4,3090,4,30.0,0
54,5,3360,4,7.193,0
54,6,3630,4,30.0,0
54,7,3781,4,30.0,0
54,8,4664,4,6.037,0
54,9,4857,4,30.0,0
54,10,5174,4,0.0,0
55,1,2004,4,0.057,0
55,2,2128,4,0.075,1
55,3,2575,4,0.054,1
55,4,2744,4,0.061,0
55,5,2946,4,0.064,0
55,6,3130,4,30.0,0
55,7,3780,4,11.457,0
55,8,5117,4,2.606,0
55,9,5775,4,0.147,0
55,10,6235,4,0.0,0
56,1,2004,4,3.362,0
56,2,2166,4,0.56,0
56,3,2284,4,0.205,0
56,4,3870,4,5.683,0
56,5,3922,4,2.106,0
56,6,3999,4,9.412,1
56,7,4096,4,30.0,0
56,8,5028,4,30.0,0
56,9,5487,4,30.0,0
56,10,5938,4,0.0,0
57,1,2004,4,0.179,0
57,2,2941,4,0.223,0
57,3,2986,4,0.199,0
57,4,3627,4,2.011,0
57,5,4234,4,2.908,0
57,6,5212,4,0.196,0
57,7,5999,4,0.283,1
57,8,7502,4,13.289,1
57,9,8410,4,5.814,0
57,10,8774,4,0.0,0
58,1,2004,4,22.912,0
58,2,2071,4,30.0,0
58,3,3236,4,0.238,0
58,4,4197,4,30.0,0
58,5,4784,4,0.227,0
58,6,5471,4,10.156,0
58,7,5607,4,0.332,0
58,8,6048,4,0.172,0
58,9,6445,4,0.122,0
58,10,6477,4,0.0,0
59,1,2004,4,30.0,0
59,2,2305,4,0.051,0
59,3,2368,4,0.041,0
59,4,2543,4,30.0,0
59,5,2627,4,10.242,0
59,6,2830,4,6.815,0
59,7,2987,4,0.033,0
59,8,3067,4,30.0,0
59,9,3151,4,9.789,0
59,10,3377,4,0.0,0
60,1,2004,4,0.099,0
60,2,3632,4,0.065,0
60,3,3765,4,30.0,0
60,4,6975,4,30.0,0
60,5,7374,4,3.76,1
60,6,7820,4,2.553,0
60,7,8172,4,0.316,0
60,8,9678,4,25.671,0
60,9,10935,4,3.181,0
60,10,11234,4,0.0,0
61,1,2004,4,0.175,0
61,2,2602,4,3.766,0
61,3,3547,4,3.21,1
61,4,4385,4,4.845,0
61,5,5092,4,5.025,0
61,6,5836,4,5.508,0
61,7,6262,4,3.693,0
61,8,6488,4,6.101,0
61,9,6722,1,1.991,0
61,10,7527,4,0.0,0
62,1,2004,2,3.597,0
62,2,3101,4,2.63,0
62,3,3315,4,3.235,0
62,4,4356,4,5.311,0
62,5,7099,4,7.39,0
62,6,9968,1,3.87,0
62,7,11202,4,2.875,0
62,8,11253,4,7.254,0
62,9,11954,1,3.364,0
62,10,12129,4,0.0,0
63,1,2004,1,0.114,0
63,2,2081,1,0.04,0
63,3,3405,4,7.612,0
63,4,3628,1,0.036,1
63,5,4836,1,8.547,0
63,6,6282,1,0.121,0
63,7,6593,1,3.994,0
63,8,9177,4,0.113,0
63,9,9257,4,0.113,0
63,10,9389,1,0.0,0
64,1,2004,1,5.334,0
64,2,3957,1,0.03,0
64,3,5236,1,3.863,0
64,4,5505,1,4.152,0
64,5,6796,1,4.043,0
64,6,7646,1,5.008,0
64,7,8469,4,0.188,0
64,8,8930,1,0.162,0
64,9,9085,4,0.034,1
64,10,9839,4,0.0,0
65,1,2004,4,0.059,0
65,2,3287,4,0.037,0
65,3,3319,4,30.0,0
65,4,4631,4,0.088,0
65,5,5326,4,0.013,0
65,6,5525,4,0.039,0
65,7,6755,4,0.065,0
65,8,6983,4,0.13,0
65,9,7327,4,0.093,0
65,10,7686,4,0.0,1
66,1,2004,4,30.0,0
66,2,2310,4,0.039,0
66,3,2821,4,30.0,0
66,4,3702,4,0.047,0
66,5,4831,4,30.0,0
66,6,5137,4,0.034,0
66,7,5222,4,28.09,0
66,8,6125,4,30.0,1
66,9,7802,4,0.038,1
66,10,8023,4,0.0,0
67,1,2004,4,2.337,0
67,2,2774,4,2.982,0
67,3,3081,4,2.976,1
67,4,3268,4,30.0,1
67,5,3737,4,25.735,0
67,6,3909,4,26.205,0
67,7,4219,4,10.36,0
67,8,4288,4,30.0,0
67,9,8288,4,30.0,0
67,10,8643,4,0.0,0
68,1,2004,4,30.0,0
68,2,2257,4,0.05,1
68,3,2488,4,1.7,0
68,4,2617,4,2.228,0
68,5,3615,4,0.055,0
68,6,4564,4,30.0,0
68,7,5012,4,0.037,1
68,8,5707,4,4.084,0
68,9,6147,4,2.642,0
68,10,6372,4,0.0,0
69,1,2004,4,0.032,0
69,2,5564,4,30.0,0
69,3,5699,4,2.0,1
69,4,5843,4,1.727,0
69,5,6122,4,30.0,1
69,6,6181,4,7.25,0
69,7,7412,4,0.01,0
69,8,8300,4,30.0,0
69,9,10030,4,0.13,0
69,10,10418,4,0.0,0
70,1,2004,4,30.0,0
70,2,2109,4,0.005,0
70,3,2212,4,0.008,0
70,4,2376,4,30.0,0
70,5,2529,4,0.095,0
70,6,4100,4,0.115,0
70,7,5881,4,30.0,0
70,8,5967,4,0.156,0
70,9,6167,4,0.147,0
70,10,6313,4,0.0,0
71,1,2004,4,7.174,0
71,2,6004,4,5.88,0
71,3,9157,4,4.939,0
71,4,11746,4,6.446,0
71,5,14163,4,6.149,1
71,6,16746,4,8.209,0
71,7,20312,4,6.062,0
71,8,23912,4,8.024,0
71,9,26200,4,4.704,0
71,10,26606,4,0.0,0
72,1,2004,4,7.168,0
72,2,3919,4,0.042,0
72,3,5078,4,30.0,0
72,4,6906,4,13.391,0
72,5,7716,4,2.824,1
72,6,11192,4,30.0,0
72,7,14690,4,0.006,0
72,8,15327,4,0.04,0
72,9,19229,4,30.0,0
72,10,23058,4,0.0,0
73,1,2004,4,0.042,0
73,2,4190,4,0.04,0
73,3,8190,4,0.051,0
73,4,9920,4,0.05,0
73,5,11899,4,30.0,0
73,6,12179,4,0.059,0
73,7,13981,4,0.057,0
73,8,15634,4,1.189,0
73,9,15979,4,1.682,0
73,10,16093,4,0.0,0
74,1,2004,4,17.86,0
74,2,2074,4,1.185,0
74,3,2409,4,4.971,0
74,4,2661,4,1.674,0
74,5,2885,4,23.917,1
74,6,3642,4,1.588,0
74,7,3883,4,15.049,0
74,8,4101,4,15.301,0
74,9,4724,4,2.107,0
74,10,4969,4,0.0,0
75,1,2004,1,7.177,0
75,2,6006,3,0.008,1
75,3,10006,2,0.126,0
75,4,10362,2,7.551,0
75,5,11530,1,0.002,0
75,6,12169,3,5.156,0
75,7,12327,2,0.007,0
75,8,13221,2,7.57,0
75,9,13505,4,0.008,0
75,10,13937,4,0.0,0
76,1,2004,2,7.185,0
76,2,5824,2,8.209,0
76,3,7468,4,6.355,0
76,4,8670,3,5.62,0
76,5,9735,4,8.615,0
76,6,10747,2,5.626,0
76,7,11938,2,0.074,0
76,8,12400,2,0.006,0
76,9,12465,4,0.0,0
77,1,2004,3,7.067,0
77,2,6004,4,7.009,0
77,3,10004,3,5.093,0
77,4,12516,3,6.429,0
77,5,13062,1,5.612,0
77,6,14620,4,0.091,0
77,7,15082,4,0.123,0
77,8,15336,2,0.104,0
77,9,15529,1,0.001,0
77,10,17529,4,0.0,0
78,1,2004,4,1.921,0
78,2,2567,4,0.047,0
78,3,2724,4,2.685,0
78,4,5649,1,0.064,0
78,5,5862,4,0.015,0
78,6,6812,4,3.125,0
78,7,7722,1,2.524,0
78,8,8204,4,0.065,0
78,9,8371,4,0.016,0
78,10,8453,4,0.0,0
79,1,2004,1,6.326,0
79,2,4834,4,5.907,0
79,3,7539,4,5.855,1
79,4,11539,2,7.591,0
79,5,15015,2,6.298,0
79,6,18069,4,4.993,0
79,7,19424,3,0.007,0
79,8,20181,3,5.638,0
79,9,21159,1,0.007,0
79,10,22033,1,0.0,0
80,1,2004,4,2.107,0
80,2,2845,4,0.466,0
80,3,3886,4,0.095,0
80,4,3962,4,1.899,0
80,5,4093,1,2.544,0
80,6,7492,4,2.205,0
80,7,8790,1,2.694,0
80,8,10470,1,0.23,0
80,9,10758,4,0.023,0
80,10,11642,4,0.0,0
81,1,2004,3,0.095,0
81,2,2660,3,0.031,0
81,3,3969,4,0.031,0
81,4,4226,1,0.031,0
81,5,4679,3,0.038,0
81,6,5934,4,0.021,1
81,7,6660,1,0.022,1
81,8,8525,1,0.081,0
81,9,9160,1,0.015,0
81,10,10191,1,0.0,0
82,1,2004,4,7.936,0
82,2,6004,1,5.393,0
82,3,8806,4,7.88,1
82,4,12806,3,0.002,0
82,5,15169,1,0.359,0
82,6,18006,4,5.857,0
82,7,18228,4,4.897,0
82,8,19694,1,0.005,1
82,9,20712,1,0.133,0
82,10,20969,4,0.0,1
83,1,2004,4,3.701,0
83,2,4353,2,3.737,0
83,3,8353,4,8.654,0
83,4,9282,4,4.55,0
83,5,10200,2,7.967,1
83,6,11108,2,5.526,0
83,7,11950,3,0.005,0
83,8,14197,4,4.939,0
83,9,14599,4,4.19,0
83,10,15748,4,0.0,0
84,1,2004,4,0.043,0
84,2,2981,4,0.204,0
84,3,3068,4,0.036,0
84,4,3942,4,0.451,0
84,5,4110,4,2.314,0
84,6,4307,4,2.306,0
84,7,4504,4,2.277,0
84,8,4796,4,0.896,0
84,9,4876,4,2.37,0
84,10,5523,4,0.0,0
85,1,2004,4,0.01,0
85,2,2527,4,0.012,0
85,3,3171,4,0.059,0
85,4,4618,4,0.034,0
85,5,4707,4,30.0,0
85,6,4995,4,22.318,0
85,7,5086,4,2.328,0
85,8,6279,4,4.409,1
85,9,7355,4,18.73,0
85,10,8320,4,0.0,0
86,1,2004,4,0.108,0
86,2,2294,4,0.094,0
86,3,4015,4,0.103,0
86,4,4095,4,30.0,0
86,5,4317,4,21.576,0
86,6,4533,4,0.037,0
86,7,4914,4,30.0,0
86,8,5165,4,0.023,0
86,9,5467,4,5.606,0
86,10,6062,4,0.0,0
87,1,2004,4,22.889,0
87,2,2477,4,24.479,0
87,3,2827,4,6.026,0
87,4,3890,4,0.037,0
87,5,4554,4,0.073,0
87,6,4613,4,21.82,0
87,7,5070,4,0.037,0
87,8,5482,4,0.023,0
87,9,5798,4,0.094,0
87,10,5848,4,0.0,0
88,1,2004,4,30.0,0
88,2,2150,4,0.048,0
88,3,2268,4,30.0,1
88,4,2360,4,0.061,0
88,5,3103,4,0.238,0
88,6,3911,4,0.135,0
88,7,4068,4,0.229,0
88,8,4186,4,0.108,0
88,9,4324,4,0.048,0
88,10,4447,4,0.0,0
89,1,2004,4,1.611,0
89,2,2186,4,30.0,0
89,3,2423,4,2.224,0
89,4,4233,4,1.599,0
89,5,4975,4,0.069,0
89,6,5398,4,0.054,0
89,7,7275,4,0.077,1
89,8,9803,4,0.082,0
89,9,11288,4,0.057,0
89,10,12278,4,0.0,0
90,1,2004,4,1.724,0
90,2,2331,4,0.046,0
90,3,2380,4,30.0,0
90,4,4146,4,0.062,0
90,5,4299,4,0.069,0
90,6,4681,4,0.055,0
90,7,4774,4,0.065,0
90,8,4868,4,0.044,0
90,9,5012,4,0.089,0
90,10,5351,4,0.0,0
91,1,2004,4,7.107,0
91,2,2424,4,7.708,0
91,3,2744,4,5.333,0
91,4,3088,4,30.0,0
91,5,3360,4,7.193,1
91,6,3632,4,30.0,1
91,7,3783,4,30.0,0
91,8,4666,4,6.037,0
91,9,4859,4,30.0,0
91,10,5176,4,0.0,0
92,1,2004,4,0.057,0
92,2,2126,4,0.075,0
92,3,2571,4,0.054,0
92,4,2740,4,0.061,0
92,5,2942,4,0.064,0
92,6,3126,4,30.0,0
92,7,3778,4,11.457,1
92,8,5115,4,2.606,0
92,9,5775,4,0.147,1
92,10,6235,4,0.0,0
93,1,2004,4,3.362,0
93,2,2166,4,0.56,0
93,3,2284,4,0.205,0
93,4,3872,4,5.683,1
93,5,3924,4,2.106,0
93,6,3999,4,9.412,0
93,7,4096,4,30.0,0
93,8,5028,4,30.0,0
93,9,5487,4,30.0,0
93,10,5938,4,0.0,0
94,1,2004,4,0.179,0
94,2,2941,4,0.223,0
94,3,2986,4,0.199,0
94,4,3627,4,2.011,0
94,5,4234,4,2.908,0
94,6,5212,4,0.196,0
94,7,5997,4,0.283,0
94,8,7498,4,13.289,0
94,9,8406,4,5.814,0
94,10,8770,4,0.0,0
95,1,2004,4,22.912,0
95,2,2071,4,30.0,0
95,3,3236,4,0.238,0
95,4,4199,4,30.0,1
95,5,4786,4,0.227,0
95,6,5473,4,10.156,0
95,7,5609,4,0.332,0
95,8,6050,4,0.172,0
95,9,6449,4,0.122,1
95,10,6483,4,0.0,1
96,1,2004,4,30.0,0
96,2,2305,4,0.051,0
96,3,2368,4,0.041,0
96,4,2543,4,30.0,0
96,5,2629,4,10.242,1
96,6,2832,4,6.815,0
96,7,2989,4,0.033,0
96,8,3069,4,30.0,0
96,9,3153,4,9.789,0
96,10,3379,4,0.0,0
97,1,2004,4,0.099,0
97,2,3632,4,0.065,0
97,3,3765,4,30.0,0
97,4,6975,4,30.0,0
97,5,7372,4,3.76,0
97,6,7818,4,2.553,0
97,7,8170,4,0.316,0
97,8,9676,4,25.671,0
97,9,10933,4,3.181,0
97,10,11232,4,0.0,0
98,1,2004,4,0.175,0
98,2,2602,4,3.766,0
98,3,3545,4,3.21,0
98,4,4383,4,4.845,0
98,5,5092,4,5.025,1
98,6,5836,4,5.508,0
98,7,6262,4,3.693,0
98,8,6488,4,6.101,0
98,9,6722,1,1.991,0
98,10,7527,4,0.0,0
99,1,2004,2,3.597,0
99,2,3101,4,2.63,0
99,3,3315,4,3.235,0
99,4,4356,4,5.311,0
99,5,7099,4,7.39,0
99,6,9968,1,3.87,0
99,7,11202,4,2.875,0
99,8,11253,4,7.254,0
99,9,11954,1,3.364,0
99,10,12129,4,0.0,0
100,1,2004,1,0.114,0
100,2,2081,1,0.04,0
100,3,3405,4,7.612,0
100,4,3626,1,0.036,0
100,5,4834,1,8.547,0
100,6,6280,1,0.121,0
100,7,6591,1,3.994,0
100,8,9175,4,0.113,0
100,9,9255,4,0.113,0
100,10,9387,1,0.0,0
101,1,2004,1,5.334,0
101,2,3957,1,0.03,0
101,3,5236,1,3.863,0
101,4,5505,1,4.152,0
101,5,6796,1,4.043,0
101,6,7646,1,5.008,0
101,7,8469,4,0.188,0
101,8,8930,1,0.162,0
101,9,9083,4,0.034,0
101,10,9837,4,0.0,0
102,1,2004,4,0.059,0
102,2,3287,4,0.037,0
102,3,3319,4,30.0,0
102,4,4631,4,0.088,0
102,5,5326,4,0.013,0
102,6,5527,4,0.039,1
102,7,6757,4,0.065,0
102,8,6985,4,0.13,0
102,9,7329,4,0.093,0
102,10,7686,4,0.0,0
103,1,2004,4,30.0,0
103,2,2310,4,0.039,0
103,3,2821,4,30.0,0
103,4,3702,4,0.047,0
103,5,4831,4,30.0,0
103,6,5137,4,0.034,0
103,7,5222,4,28.09,0
103,8,6123,4,30.0,0
103,9,7798,4,0.038,0
103,10,8019,4,0.0,0
104,1,2004,4,2.337,0
104,2,2774,4,2.982,0
104,3,3079,4,2.976,0
104,4,3264,4,30.0,0
104,5,3733,4,25.735,0
104,6,3905,4,26.205,0
104,7,4215,4,10.36,0
104,8,4284,4,30.0,0
104,9,8284,4,30.0,0
104,10,8639,4,0.0,0
105,1,2004,4,30.0,0
105,2,2255,4,0.05,0
105,3,2486,4,1.7,0
105,4,2615,4,2.228,0
105,5,3613,4,0.055,0
105,6,4562,4,30.0,0
105,7,5008,4,0.037,0
105,8,5705,4,4.084,1
105,9,6145,4,2.642,0
105,10,6370,4,0.0,0
106,1,2004,4,0.032,0
106,2,5564,4,30.0,0
106,3,5697,4,2.0,0
106,4,5841,4,1.727,0
106,5,6118,4,30.0,0
106,6,6177,4,7.25,0
106,7,7408,4,0.01,0
106,8,8298,4,30.0,1
106,9,10028,4,0.13,0
106,10,10416,4,0.0,0
107,1,2004,4,30.0,0
107,2,2109,4,0.005,0
107,3,2212,4,0.008,0
107,4,2376,4,30.0,0
107,5,2529,4,0.095,0
107,6,4100,4,0.115,0
107,7,5881,4,30.0,0
107,8,5967,4,0.156,0
107,9,6167,4,0.147,0
107,10,6313,4,0.0,0
108,1,2004,4,7.174,0
108,2,6004,4,5.88,0
108,3,9157,4,4.939,0
108,4,11746,4,6.446,0
108,5,14161,4,6.149,0
108,6,16746,4,8.209,1
108,7,20312,4,6.062,0
108,8,23912,4,8.024,0
108,9,26202,4,4.704,1
108,10,26608,4,0.0,0
109,1,2004,4,7.168,0
109,2,3919,4,0.042,0
109,3,5080,4,30.0,1
109,4,6908,4,13.391,0
109,5,7716,4,2.824,0
109,6,11192,4,30.0,0
109,7,14690,4,0.006,0
109,8,15327,4,0.04,0
109,9,19229,4,30.0,0
109,10,23058,4,0.0,0
110,1,2004,4,0.042,0
110,2,4192,4,0.04,1
110,3,8192,4,0.051,0
110,4,9922,4,0.05,0
110,5,11901,4,30.0,0
110,6,12181,4,0.059,0
110,7,13983,4,0.057,0
110,8,15636,4,1.189,0
110,9,15981,4,1.682,0
110,10,16095,4,0.0,0
111,1,2004,4,17.86,0
111,2,2076,4,1.185,1
111,3,2411,4,4.971,0
111,4,2663,4,1.674,0
111,5,2885,4,23.917,0
111,6,3642,4,1.588,0
111,7,3883,4,15.049,0
111,8,4101,4,15.301,0
111,9,4724,4,2.107,0
111,10,4969,4,0.0,0
112,1,2004,1,7.177,0
112,2,6006,3,0.008,1
112,3,10006,2,0.126,0
112,4,10364,2,7.551,1
112,5,11532,1,0.002,0
112,6,12171,3,5.156,0
112,7,12329,2,0.007,0
112,8,13223,2,7.57,0
112,9,13507,4,0.008,0
112,10,13939,4,0.0,0
113,1,2004,2,7.185,0
113,2,5824,2,8.209,0
113,3,7468,4,6.355,0
113,4,8670,3,5.62,0
113,5,9735,4,8.615,0
113,6,10747,2,5.626,0
113,7,11938,2,0.074,0
113,8,12400,2,0.006,0
113,9,12465,4,0.0,0
114,1,2004,3,7.067,0
114,2,6004,4,7.009,0
114,3,10004,3,5.093,0
114,4,12516,3,6.429,0
114,5,13062,1,5.612,0
114,6,14620,4,0.091,0
114,7,15082,4,0.123,0
114,8,15336,2,0.104,0
114,9,15529,1,0.001,0
114,10,17529,4,0.0,0
115,1,2004,4,1.921,0
115,2,2567,4,0.047,0
115,3,2724,4,2.685,0
115,4,5649,1,0.064,0
115,5,5862,4,0.015,0
115,6,6812,4,3.125,0
115,7,7722,1,2.524,0
115,8,8204,4,0.065,0
115,9,8371,4,0.016,0
115,10,8453,4,0.0,0
116,1,2004,1,6.326,0
116,2,4834,4,5.907,0
116,3,7537,4,5.855,0
116,4,11537,2,7.591,0
116,5,15013,2,6.298,0
116,6,18067,4,4.993,0
116,7,19424,3,0.007,1
116,8,20181,3,5.638,0
116,9,21159,1,0.007,0
116,10,22033,1,0.0,0
117,1,2004,4,2.107,0
117,2,2847,4,0.466,1
117,3,3888,4,0.095,0
117,4,3964,4,1.899,0
117,5,4095,1,2.544,0
117,6,7496,4,2.205,1
117,7,8794,1,2.694,0
117,8,10476,1,0.23,1
117,9,10764,4,0.023,0
117,10,11648,4,0.0,0
118,1,2004,3,0.095,0
118,2,2660,3,0.031,0
118,3,3969,4,0.031,0
118,4,4226,1,0.031,0
118,5,4679,3,0.038,0
118,6,5932,4,0.021,0
118,7,6656,1,0.022,0
118,8,8521,1,0.081,0
118,9,9156,1,0.015,0
118,10,10189,1,0.0,1
119,1,2004,4,7.936,0
119,2,6004,1,5.393,0
119,3,8806,4,7.88,1
119,4,12806,3,0.002,0
119,5,15169,1,0.359,0
119,6,18006,4,5.857,0
119,7,18228,4,4.897,0
119,8,19692,1,0.005,0
119,9,20710,1,0.133,0
119,10,20965,4,0.0,0
120,1,2004,4,3.701,0
120,2,4353,2,3.737,0
120,3,8353,4,8.654,0
120,4,9282,4,4.55,0
120,5,10198,2,7.967,0
120,6,11106,2,5.526,0
120,7,11948,3,0.005,0
120,8,14195,4,4.939,0
120,9,14597,4,4.19,0
120,10,15746,4,0.0,0
121,1,2004,4,0.043,0
121,2,2981,4,0.204,0
121,3,3068,4,0.036,0
121,4,3942,4,0.451,0
121,5,4110,4,2.314,0
121,6,4307,4,2.306,0
121,7,4504,4,2.277,0
121,8,4796,4,0.896,0
121,9,4876,4,2.37,0
121,10,5523,4,0.0,0
122,1,2004,4,0.01,0
122,2,2527,4,0.012,0
122,3,3173,4,0.059,1
122,4,4622,4,0.034,1
122,5,4711,4,30.0,0
122,6,4999,4,22.318,0
122,7,5090,4,2.328,0
122,8,6281,4,4.409,0
122,9,7357,4,18.73,0
122,10,8322,4,0.0,0
123,1,2004,4,0.108,0
123,2,2294,4,0.094,0
123,3,4015,4,0.103,0
123,4,4095,4,30.0,0
123,5,4317,4,21.576,0
123,6,4533,4,0.037,0
123,7,4914,4,30.0,0
123,8,5165,4,0.023,0
123,9,5467,4,5.606,0
123,10,6064,4,0.0,1
124,1,2004,4,22.889,0
124,2,2477,4,24.479,0
124,3,2827,4,6.026,0
124,4,3890,4,0.037,0
124,5,4554,4,0.073,0
124,6,4615,4,21.82,1
124,7,5072,4,0.037,0
124,8,5484,4,0.023,0
124,9,5800,4,0.094,0
124,10,5850,4,0.0,0
125,1,2004,4,30.0,0
125,2,2150,4,0.048,0
125,3,2266,4,30.0,0
125,4,2358,4,0.061,0
125,5,3101,4,0.238,0
125,6,3909,4,0.135,0
125,7,4066,4,0.229,0
125,8,4184,4,0.108,0
125,9,4322,4,0.048,0
125,10,4445,4,0.0,0
126,1,2004,4,1.611,0
126,2,2188,4,30.0,1
126,3,2425,4,2.224,0
126,4,4235,4,1.599,0
126,5,4977,4,0.069,0
126,6,5400,4,0.054,0
126,7,7275,4,0.077,0
126,8,9803,4,0.082,0
126,9,11288,4,0.057,0
126,10,12278,4,0.0,0
127,1,2004,4,1.724,0
127,2,2331,4,0.046,0
127,3,2380,4,30.0,0
127,4,4146,4,0.062,0
127,5,4299,4,0.069,0
127,6,4681,4,0.055,0
127,7,4774,4,0.065,0
127,8,4868,4,0.044,0
127,9,5012,4,0.089,0
127,10,5351,4,0.0,0
128,1,2004,4,7.107,0
128,2,2424,4,7.708,0
128,3,2744,4,5.333,0
128,4,3088,4,30.0,0
128,5,3358,4,7.193,0
128,6,3628,4,30.0,0
128,7,3779,4,30.0,0
128,8,4662,4,6.037,0
128,9,4857,4,30.0,1
128,10,5174,4,0.0,0
129,1,2004,4,0.057,0
129,2,2126,4,0.075,0
129,3,2571,4,0.054,0
129,4,2740,4,0.061,0
129,5,2942,4,0.064,0
129,6,3126,4,30.0,0
129,7,3776,4,11.457,0
129,8,5113,4,2.606,0
129,9,5773,4,0.147,1
129,10,6233,4,0.0,0
130,1,2004,4,3.362,0
130,2,2166,4,0.56,0
130,3,2284,4,0.205,0
130,4,3870,4,5.683,0
130,5,3922,4,2.106,0
130,6,3999,4,9.412,1
130,7,4096,4,30.0,0
130,8,5028,4,30.0,0
130,9,5487,4,30.0,0
130,10,5938,4,0.0,0
131,1,2004,4,0.179,0
131,2,2941,4,0.223,0
131,3,2986,4,0.199,0
131,4,3627,4,2.011,0
131,5,4234,4,2.908,0
131,6,5214,4,0.196,1
131,7,5999,4,0.283,0
131,8,7500,4,13.289,0
131,9,8408,4,5.814,0
131,10,8772,4,0.0,0
132,1,2004,4,22.912,0
132,2,2071,4,30.0,0
132,3,3236,4,0.238,0
132,4,4197,4,30.0,0
132,5,4784,4,0.227,0
132,6,5471,4,10.156,0
132,7,5607,4,0.332,0
132,8,6050,4,0.172,1
132,9,6447,4,0.122,0
132,10,6479,4,0.0,0
133,1,2004,4,30.0,0
133,2,2305,4,0.051,0
133,3,2368,4,0.041,0
133,4,2543,4,30.0,0
133,5,2627,4,10.242,0
133,6,2830,4,6.815,0
133,7,2989,4,0.033,1
133,8,3071,4,30.0,1
133,9,3155,4,9.789,0
133,10,3381,4,0.0,0
134,1,2004,4,0.099,0
134,2,3632,4,0.065,0
134,3,3765,4,30.0,0
134,4,6975,4,30.0,0
134,5,7372,4,3.76,0
134,6,7818,4,2.553,0
134,7,8172,4,0.316,1
134,8,9678,4,25.671,0
134,9,10935,4,3.181,0
134,10,11234,4,0.0,0
135,1,2004,4,0.175,0
135,2,2602,4,3.766,0
135,3,3545,4,3.21,0
135,4,4383,4,4.845,0
135,5,5090,4,5.025,0
135,6,5834,4,5.508,0
135,7,6260,4,3.693,0
135,8,6486,4,6.101,0
135,9,6720,1,1.991,0
135,10,7525,4,0.0,0
136,1,2004,2,3.597,0
136,2,3101,4,2.63,0
136,3,3315,4,3.235,0
136,4,4356,4,5.311,0
136,5,7099,4,7.39,0
136,6,9968,1,3.87,0
136,7,11204,4,2.875,1
136,8,11255,4,7.254,0
136,9,11956,1,3.364,0
136,10,12131,4,0.0,0
137,1,2004,1,0.114,0
137,2,2081,1,0.04,0
137,3,3405,4,7.612,0
137,4,3626,1,0.036,0
137,5,4834,1,8.547,0
137,6,6280,1,0.121,0
137,7,6591,1,3.994,0
137,8,9175,4,0.113,0
137,9,9255,4,0.113,0
137,10,9387,1,0.0,0
138,1,2004,1,5.334,0
138,2,3957,1,0.03,0
138,3,5236,1,3.863,0
138,4,5505,1,4.152,0
138,5,6796,1,4.043,0
138,6,7646,1,5.008,0
138,7,8469,4,0.188,0
138,8,8932,1,0.162,1
138,9,9087,4,0.034,1
138,10,9841,4,0.0,0
139,1,2004,4,0.059,0
139,2,3287,4,0.037,0
139,3,3319,4,30.0,0
139,4,4631,4,0.088,0
139,5,5326,4,0.013,0
139,6,5525,4,0.039,0
139,7,6755,4,0.065,0
139,8,6983,4,0.13,0
139,9,7327,4,0.093,0
139,10,7684,4,0.0,0
140,1,2004,4,30.0,0
140,2,2310,4,0.039,0
140,3,2821,4,30.0,0
140,4,3702,4,0.047,0
140,5,4831,4,30.0,0
140,6,5137,4,0.034,0
140,7,5222,4,28.09,0
140,8,6123,4,30.0,0
140,9,7798,4,0.038,0
140,10,8019,4,0.0,0
141,1,2004,4,2.337,0
141,2,2776,4,2.982,1
141,3,3081,4,2.976,0
141,4,3266,4,30.0,0
141,5,3735,4,25.735,0
141,6,3907,4,26.205,0
141,7,4217,4,10.36,0
141,8,4286,4,30.0,0
141,9,8286,4,30.0,0
141,10,8643,4,0.0,1
142,1,2004,4,30.0,0
142,2,2255,4,0.05,0
142,3,2486,4,1.7,0
142,4,2615,4,2.228,0
142,5,3613,4,0.055,0
142,6,4562,4,30.0,0
142,7,5008,4,0.037,0
142,8,5703,4,4.084,0
142,9,6143,4,2.642,0
142,10,6368,4,0.0,0
143,1,2004,4,0.032,0
143,2,5564,4,30.0,0
143,3,5697,4,2.0,0
143,4,5841,4,1.727,0
143,5,6118,4,30.0,0
143,6,6177,4,7.25,0
143,7,7408,4,0.01,0
143,8,8296,4,30.0,0
143,9,10026,4,0.13,0
143,10,10414,4,0.0,0
144,1,2004,4,30.0,0
144,2,2109,4,0.005,0
144,3,2212,4,0.008,0
144,4,2376,4,30.0,0
144,5,2529,4,0.095,0
144,6,4100,4,0.115,0
144,7,5881,4,30.0,0
144,8,5967,4,0.156,0
144,9,6167,4,0.147,0
144,10,6313,4,0.0,0
145,1,2004,4,7.174,0
145,2,6004,4,5.88,0
145,3,9157,4,4.939,0
145,4,11746,4,6.446,0
145,5,14161,4,6.149,0
145,6,16744,4,8.209,0
145,7,20310,4,6.062,0
145,8,23910,4,8.024,0
145,9,26198,4,4.704,0
145,10,26604,4,0.0,0
146,1,2004,4,7.168,0
146,2,3919,4,0.042,0
146,3,5078,4,30.0,0
146,4,6908,4,13.391,1
146,5,7716,4,2.824,0
146,6,11192,4,30.0,0
146,7,14690,4,0.006,0
146,8,15327,4,0.04,0
146,9,19229,4,30.0,0
146,10,23058,4,0.0,0
147,1,2004,4,0.042,0
147,2,4190,4,0.04,0
147,3,8190,4,0.051,0
147,4,9920,4,0.05,0
147,5,11899,4,30.0,0
147,6,12179,4,0.059,0
147,7,13981,4,0.057,0
147,8,15634,4,1.189,0
147,9,15979,4,1.682,0
147,10,16093,4,0.0,0
148,1,2004,4,17.86,0
148,2,2074,4,1.185,0
148,3,2409,4,4.971,0
148,4,2661,4,1.674,0
148,5,2883,4,23.917,0
148,6,3640,4,1.588,0
148,7,3881,4,15.049,0
148,8,4099,4,15.301,0
148,9,4722,4,2.107,0
148,10,4967,4,0.0,0
149,1,2004,1,7.177,0
149,2,6004,3,0.008,0
149,3,10004,2,0.126,0
149,4,10360,2,7.551,0
149,5,11528,1,0.002,0
149,6,12167,3,5.156,0
149,7,12325,2,0.007,0
149,8,13219,2,7.57,0
149,9,13503,4,0.008,0
149,10,13935,4,0.0,0
150,1,2004,2,7.185,0
150,2,5824,2,8.209,0
150,3,7468,4,6.355,0
150,4,8670,3,5.62,0
150,5,9735,4,8.615,0
150,6,10747,2,5.626,0
150,7,11940,2,0.074,1
150,8,12402,2,0.006,0
150,9,12467,4,0.0,0
151,1,2004,3,7.067,0
151,2,6004,4,7.009,0
151,3,10004,3,5.093,0
151,4,12516,3,6.429,0
151,5,13064,1,5.612,1
151,6,14622,4,0.091,0
151,7,15084,4,0.123,0
151,8,15338,2,0.104,0
151,9,15531,1,0.001,0
151,10,17531,4,0.0,0
152,1,2004,4,1.921,0
152,2,2567,4,0.047,0
152,3,2724,4,2.685,0
152,4,5649,1,0.064,0
152,5,5862,4,0.015,0
152,6,6812,4,3.125,0
152,7,7722,1,2.524,0
152,8,8204,4,0.065,0
152,9,8371,4,0.016,0
152,10,8453,4,0.0,0
153,1,2004,1,6.326,0
153,2,4836,4,5.907,1
153,3,7539,4,5.855,0
153,4,11539,2,7.591,0
153,5,15015,2,6.298,0
153,6,18069,4,4.993,0
153,7,19424,3,0.007,0
153,8,20181,3,5.638,0
153,9,21159,1,0.007,0
153,10,22033,1,0.0,0
154,1,2004,4,2.107,0
154,2,2845,4,0.466,0
154,3,3888,4,0.095,1
154,4,3964,4,1.899,0
154,5,4095,1,2.544,0
154,6,7494,4,2.205,0
154,7,8794,1,2.694,1
154,8,10474,1,0.23,0
154,9,10762,4,0.023,0
154,10,11646,4,0.0,0
155,1,2004,3,0.095,0
155,2,2660,3,0.031,0
155,3,3969,4,0.031,0
155,4,4226,1,0.031,0
155,5,4679,3,0.038,0
155,6,5932,4,0.021,0
155,7,6656,1,0.022,0
155,8,8521,1,0.081,0
155,9,9156,1,0.015,0
155,10,10187,1,0.0,0
156,1,2004,4,7.936,0
156,2,6004,1,5.393,0
156,3,8804,4,7.88,0
156,4,12804,3,0.002,0
156,5,15167,1,0.359,0
156,6,18004,4,5.857,0
156,7,18226,4,4.897,0
156,8,19690,1,0.005,0
156,9,20708,1,0.133,0
156,10,20963,4,0.0,0
157,1,2004,4,3.701,0
157,2,4353,2,3.737,0
157,3,8353,4,8.654,0
157,4,9282,4,4.55,0
157,5,10198,2,7.967,0
157,6,11106,2,5.526,0
157,7,11948,3,0.005,0
157,8,14195,4,4.939,0
157,9,14597,4,4.19,0
157,10,15746,4,0.0,0
158,1,2004,4,0.043,0
158,2,2981,4,0.204,0
158,3,3068,4,0.036,0
158,4,3942,4,0.451,0
158,5,4110,4,2.314,0
158,6,4307,4,2.306,0
158,7,4504,4,2.277,0
158,8,4796,4,0.896,0
158,9,4878,4,2.37,1
158,10,5527,4,0.0,1
159,1,2004,4,0.01,0
159,2,2527,4,0.012,0
159,3,3171,4,0.059,0
159,4,4618,4,0.034,0
159,5,4709,4,30.0,1
159,6,4997,4,22.318,0
159,7,5088,4,2.328,0
159,8,6279,4,4.409,0
159,9,7355,4,18.73,0
159,10,8320,4,0.0,0
160,1,2004,4,0.108,0
160,2,2294,4,0.094,0
160,3,4015,4,0.103,0
160,4,4095,4,30.0,0
160,5,4317,4,21.576,0
160,6,4533,4,0.037,0
160,7,4914,4,30.0,0
160,8,5165,4,0.023,0
160,9,5467,4,5.606,0
160,10,6062,4,0.0,0
161,1,2004,4,22.889,0
161,2,2479,4,24.479,1
161,3,2829,4,6.026,0
161,4,3892,4,0.037,0
161,5,4556,4,0.073,0
161,6,4615,4,21.82,0
161,7,5072,4,0.037,0
161,8,5484,4,0.023,0
161,9,5800,4,0.094,0
161,10,5850,4,0.0,0
162,1,2004,4,30.0,0
162,2,2150,4,0.048,0
162,3,2266,4,30.0,0
162,4,2358,4,0.061,0
162,5,3101,4,0.238,0
162,6,3911,4,0.135,1
162,7,4068,4,0.229,0
162,8,4186,4,0.108,0
162,9,4324,4,0.048,0
162,10,4447,4,0.0,0
163,1,2004,4,1.611,0
163,2,2186,4,30.0,0
163,3,2423,4,2.224,0
163,4,4233,4,1.599,0
163,5,4975,4,0.069,0
163,6,5398,4,0.054,0
163,7,7273,4,0.077,0
163,8,9801,4,0.082,0
163,9,11286,4,0.057,0
163,10,12276,4,0.0,0
164,1,2004,4,1.724,0
164,2,2331,4,0.046,0
164,3,2380,4,30.0,0
164,4,4146,4,0.062,0
164,5,4299,4,0.069,0
164,6,4681,4,0.055,0
164,7,4774,4,0.065,0
164,8,4868,4,0.044,0
164,9,5012,4,0.089,0
164,10,5351,4,0.0,0
165,1,2004,4,7.107,0
165,2,2424,4,7.708,0
165,3,2744,4,5.333,0
165,4,3090,4,30.0,1
165,5,3360,4,7.193,0
165,6,3630,4,30.0,0
165,7,3781,4,30.0,0
165,8,4666,4,6.037,1
165,9,4859,4,30.0,0
165,10,5176,4,0.0,0
166,1,2004,4,0.057,0
166,2,2126,4,0.075,0
166,3,2573,4,0.054,1
166,4,2742,4,0.061,0
166,5,2944,4,0.064,0
166,6,3128,4,30.0,0
166,7,3778,4,11.457,0
166,8,5115,4,2.606,0
166,9,5773,4,0.147,0
166,10,6235,4,0.0,1
167,1,2004,4,3.362,0
167,2,2166,4,0.56,0
167,3,2284,4,0.205,0
167,4,3870,4,5.683,0
167,5,3922,4,2.106,0
167,6,3997,4,9.412,0
167,7,4094,4,30.0,0
167,8,5026,4,30.0,0
167,9,5485,4,30.0,0
167,10,5936,4,0.0,0
168,1,2004,4,0.179,0
168,2,2941,4,0.223,0
168,3,2986,4,0.199,0
168,4,3627,4,2.011,0
168,5,4234,4,2.908,0
168,6,5212,4,0.196,0
168,7,5997,4,0.283,0
168,8,7498,4,13.289,0
168,9,8406,4,5.814,0
168,10,8770,4,0.0,0
169,1,2004,4,22.912,0
169,2,2071,4,30.0,0
169,3,3236,4,0.238,0
169,4,4197,4,30.0,0
169,5,4784,4,0.227,0
169,6,5471,4,10.156,0
169,7,5607,4,0.332,0
169,8,6048,4,0.172,0
169,9,6445,4,0.122,0
169,10,6477,4,0.0,0
170,1,2004,4,30.0,0
170,2,2305,4,0.051,0
170,3,2368,4,0.041,0
170,4,2543,4,30.0,0
170,5,2627,4,10.242,0
170,6,2830,4,6.815,0
170,7,2987,4,0.033,0
170,8,3067,4,30.0,0
170,9,3151,4,9.789,0
170,10,3377,4,0.0,0
171,1,2004,4,0.099,0
171,2,3632,4,0.065,0
171,3,3765,4,30.0,0
171,4,6975,4,30.0,0
171,5,7372,4,3.76,0
171,6,7818,4,2.553,0
171,7,8170,4,0.316,0
171,8,9676,4,25.671,0
171,9,10933,4,3.181,0
171,10,11232,4,0.0,0
172,1,2004,4,0.175,0
172,2,2602,4,3.766,0
172,3,3545,4,3.21,0
172,4,4383,4,4.845,0
172,5,5092,4,5.025,1
172,6,5836,4,5.508,0
172,7,6262,4,3.693,0
172,8,6488,4,6.101,0
172,9,6722,1,1.991,0
172,10,7527,4,0.0,0
173,1,2004,2,3.597,0
173,2,3101,4,2.63,0
173,3,3315,4,3.235,0
173,4,4356,4,5.311,0
173,5,7099,4,7.39,0
173,6,9968,1,3.87,0
173,7,11202,4,2.875,0
173,8,11253,4,7.254,0
173,9,11954,1,3.364,0
173,10,12129,4,0.0,0
174,1,2004,1,0.114,0
174,2,2081,1,0.04,0
174,3,3405,4,7.612,0
174,4,3626,1,0.036,0
174,5,4836,1,8.547,1
174,6,6282,1,0.121,0
174,7,6593,1,3.994,0
174,8,9177,4,0.113,0
174,9,9257,4,0.113,0
174,10,9391,1,0.0,1
175,1,2004,1,5.334,0
175,2,3959,1,0.03,1
175,3,5238,1,3.863,0
175,4,5507,1,4.152,0
175,5,6798,1,4.043,0
175,6,7648,1,5.008,0
175,7,8471,4,0.188,0
175,8,8932,1,0.162,0
175,9,9085,4,0.034,0
175,10,9839,4,0.0,0
176,1,2004,4,0.059,0
176,2,3287,4,0.037,0
176,3,3319,4,30.0,0
176,4,4631,4,0.088,0
176,5,5326,4,0.013,0
176,6,5525,4,0.039,0
176,7,6755,4,0.065,0
176,8,6983,4,0.13,0
176,9,7327,4,0.093,0
176,10,7684,4,0.0,0
177,1,2004,4,30.0,0
177,2,2310,4,0.039,0
177,3,2821,4,30.0,0
177,4,3702,4,0.047,0
177,5,4831,4,30.0,0
177,6,5137,4,0.034,0
177,7,5222,4,28.09,0
177,8,6125,4,30.0,1
177,9,7800,4,0.038,0
177,10,8021,4,0.0,0
178,1,2004,4,2.337,0
178,2,2774,4,2.982,0
178,3,3079,4,2.976,0
178,4,3264,4,30.0,0
178,5,3733,4,25.735,0
178,6,3905,4,26.205,0
178,7,4215,4,10.36,0
178,8,4284,4,30.0,0
178,9,8284,4,30.0,0
178,10,8639,4,0.0,0
179,1,2004,4,30.0,0
179,2,2255,4,0.05,0
179,3,2486,4,1.7,0
179,4,2615,4,2.228,0
179,5,3613,4,0.055,0
179,6,4562,4,30.0,0
179,7,5008,4,0.037,0
179,8,5703,4,4.084,0
179,9,6143,4,2.642,0
179,10,6368,4,0.0,0
180,1,2004,4,0.032,0
180,2,5564,4,30.0,0
180,3,5699,4,2.0,1
180,4,5843,4,1.727,0
180,5,6120,4,30.0,0
180,6,6181,4,7.25,1
180,7,7412,4,0.01,0
180,8,8300,4,30.0,0
180,9,10030,4,0.13,0
180,10,10418,4,0.0,0
181,1,2004,4,30.0,0
181,2,2109,4,0.005,0
181,3,2212,4,0.008,0
181,4,2376,4,30.0,0
181,5,2531,4,0.095,1
181,6,4102,4,0.115,0
181,7,5883,4,30.0,0
181,8,5969,4,0.156,0
181,9,6169,4,0.147,0
181,10,6315,4,0.0,0
182,1,2004,4,7.174,0
182,2,6004,4,5.88,0
182,3,9157,4,4.939,0
182,4,11746,4,6.446,0
182,5,14161,4,6.149,0
182,6,16746,4,8.209,1
182,7,20312,4,6.062,0
182,8,23912,4,8.024,0
182,9,26200,4,4.704,0
182,10,26608,4,0.0,1
183,1,2004,4,7.168,0
183,2,3921,4,0.042,1
183,3,5080,4,30.0,0
183,4,6908,4,13.391,0
183,5,7716,4,2.824,0
183,6,11192,4,30.0,0
183,7,14690,4,0.006,0
183,8,15327,4,0.04,0
183,9,19229,4,30.0,0
183,10,23058,4,0.0,0
184,1,2004,4,0.042,0
184,2,4190,4,0.04,0
184,3,8190,4,0.051,0
184,4,9920,4,0.05,0
184,5,11899,4,30.0,0
184,6,12179,4,0.059,0
184,7,13981,4,0.057,0
184,8,15634,4,1.189,0
184,9,15979,4,1.682,0
184,10,16093,4,0.0,0
185,1,2004,4,17.86,0
185,2,2074,4,1.185,0
185,3,2409,4,4.971,0
185,4,2661,4,1.674,0
185,5,2883,4,23.917,0
185,6,3640,4,1.588,0
185,7,3883,4,15.049,1
185,8,4101,4,15.301,0
185,9,4724,4,2.107,0
185,10,4969,4,0.0,0
186,1,2004,1,7.177,0
186,2,6004,3,0.008,0
186,3,10004,2,0.126,0
186,4,10360,2,7.551,0
186,5,11530,1,0.002,1
186,6,12169,3,5.156,0
186,7,12327,2,0.007,0
186,8,13223,2,7.57,1
186,9,13507,4,0.008,0
186,10,13939,4,0.0,0
187,1,2004,2,7.185,0
187,2,5824,2,8.209,0
187,3,7468,4,6.355,0
187,4,8670,3,5.62,0
187,5,9735,4,8.615,0
187,6,10747,2,5.626,0
187,7,11938,2,0.074,0
187,8,12400,2,0.006,0
187,9,12465,4,0.0,0
188,1,2004,3,7.067,0
188,2,6004,4,7.009,0
188,3,10006,3,5.093,1
188,4,12518,3,6.429,0
188,5,13064,1,5.612,0
188,6,14622,4,0.091,0
188,7,15084,4,0.123,0
188,8,15338,2,0.104,0
188,9,15531,1,0.001,0
188,10,17531,4,0.0,0
189,1,2004,4,1.921,0
189,2,2567,4,0.047,0
189,3,2724,4,2.685,0
189,4,5649,1,0.064,0
189,5,5862,4,0.015,0
189,6,6812,4,3.125,0
189,7,7722,1,2.524,0
189,8,8206,4,0.065,1
189,9,8375,4,0.016,1
189,10,8457,4,0.0,0
190,1,2004,1,6.326,0
190,2,4834,4,5.907,0
190,3,7537,4,5.855,0
190,4,11537,2,7.591,0
190,5,15013,2,6.298,0
190,6,18067,4,4.993,0
190,7,19422,3,0.007,0
190,8,20179,3,5.638,0
190,9,21157,1,0.007,0
190,10,22031,1,0.0,0
191,1,2004,4,2.107,0
191,2,2845,4,0.466,0
191,3,3886,4,0.095,0
191,4,3962,4,1.899,0
191,5,4095,1,2.544,1
191,6,7494,4,2.205,0
191,7,8792,1,2.694,0
191,8,10472,1,0.23,0
191,9,10760,4,0.023,0
191,10,11644,4,0.0,0
192,1,2004,3,0.095,0
192,2,2660,3,0.031,0
192,3,3969,4,0.031,0
192,4,4226,1,0.031,0
192,5,4679,3,0.038,0
192,6,5932,4,0.021,0
192,7,6656,1,0.022,0
192,8,8521,1,0.081,0
192,9,9156,1,0.015,0
192,10,10187,1,0.0,0
193,1,2004,4,7.936,0
193,2,6004,1,5.393,0
193,3,8804,4,7.88,0
193,4,12806,3,0.002,1
193,5,15169,1,0.359,0
193,6,18006,4,5.857,0
193,7,18228,4,4.897,0
193,8,19692,1,0.005,0
193,9,20710,1,0.133,0
193,10,20965,4,0.0,0
194,1,2004,4,3.701,0
194,2,4353,2,3.737,0
194,3,8353,4,8.654,0
194,4,9282,4,4.55,0
194,5,10198,2,7.967,0
194,6,11106,2,5.526,0
194,7,11948,3,0.005,0
194,8,14195,4,4.939,0
194,9,14597,4,4.19,0
194,10,15748,4,0.0,1
195,1,2004,4,0.043,0
195,2,2981,4,0.204,0
195,3,3068,4,0.036,0
195,4,3942,4,0.451,0
195,5,4110,4,2.314,0
195,6,4309,4,2.306,1
195,7,4506,4,2.277,0
195,8,4798,4,0.896,0
195,9,4878,4,2.37,0
195,10,5525,4,0.0,0
196,1,2004,4,0.01,0
196,2,2529,4,0.012,1
196,3,3173,4,0.059,0
196,4,4620,4,0.034,0
196,5,4709,4,30.0,0
196,6,4997,4,22.318,0
196,7,5088,4,2.328,0
196,8,6279,4,4.409,0
196,9,7355,4,18.73,0
196,10,8320,4,0.0,0
197,1,2004,4,0.108,0
197,2,2294,4,0.094,0
197,3,4015,4,0.103,0
197,4,4095,4,30.0,0
197,5,4317,4,21.576,0
197,6,4535,4,0.037,1
197,7,4916,4,30.0,0
197,8,5167,4,0.023,0
197,9,5469,4,5.606,0
197,10,6064,4,0.0,0
198,1,2004,4,22.889,0
198,2,2477,4,24.479,0
198,3,2827,4,6.026,0
198,4,3890,4,0.037,0
198,5,4554,4,0.073,0
198,6,4613,4,21.82,0
198,7,5070,4,0.037,0
198,8,5482,4,0.023,0
198,9,5798,4,0.094,0
198,10,5848,4,0.0,0
199,1,2004,4,30.0,0
199,2,2150,4,0.048,0
199,3,2268,4,30.0,1
199,4,2360,4,0.061,0
199,5,3103,4,0.238,0
199,6,3911,4,0.135,0
199,7,4068,4,0.229,0
199,8,4186,4,0.108,0
199,9,4324,4,0.048,0
199,10,4447,4,0.0,0
200,1,2004,4,1.611,0
200,2,2186,4,30.0,0
200,3,2423,4,2.224,0
200,4,4233,4,1.599,0
200,5,4975,4,0.069,0
200,6,5398,4,0.054,0
200,7,7275,4,0.077,1
200,8,9803,4,0.082,0
200,9,11288,4,0.057,0
200,10,12278,4,0.0,0
201,1,2004,4,1.724,0
201,2,2331,4,0.046,0
201,3,2380,4,30.0,0
201,4,4146,4,0.062,0
201,5,4299,4,0.069,0
201,6,4681,4,0.055,0
201,7,4774,4,0.065,0
201,8,4868,4,0.044,0
201,9,5012,4,0.089,0
201,10,5351,4,0.0,0
202,1,2004,4,7.107,0
202,2,2424,4,7.708,0
202,3,2746,4,5.333,1
202,4,3090,4,30.0,0
202,5,3360,4,7.193,0
202,6,3630,4,30.0,0
202,7,3781,4,30.0,0
202,8,4664,4,6.037,0
202,9,4857,4,30.0,0
202,10,5174,4,0.0,0
203,1,2004,4,0.057,0
203,2,2126,4,0.075,0
203,3,2573,4,0.054,1
203,4,2742,4,0.061,0
203,5,2944,4,0.064,0
203,6,3128,4,30.0,0
203,7,3778,4,11.457,0
203,8,5115,4,2.606,0
203,9,5773,4,0.147,0
203,10,6233,4,0.0,0
204,1,2004,4,3.362,0
204,2,2166,4,0.56,0
204,3,2284,4,0.205,0
204,4,3870,4,5.683,0
204,5,3922,4,2.106,0
204,6,3997,4,9.412,0
204,7,4094,4,30.0,0
204,8,5026,4,30.0,0
204,9,5485,4,30.0,0
204,10,5936,4,0.0,0
205,1,2004,4,0.179,0
205,2,2941,4,0.223,0
205,3,2988,4,0.199,1
205,4,3629,4,2.011,0
205,5,4236,4,2.908,0
205,6,5214,4,0.196,0
205,7,6001,4,0.283,1
205,8,7502,4,13.289,0
205,9,8410,4,5.814,0
205,10,8774,4,0.0,0
206,1,2004,4,22.912,0
206,2,2071,4,30.0,0
206,3,3238,4,0.238,1
206,4,4199,4,30.0,0
206,5,4786,4,0.227,0
206,6,5473,4,10.156,0
206,7,5609,4,0.332,0
206,8,6050,4,0.172,0
206,9,6447,4,0.122,0
206,10,6479,4,0.0,0
207,1,2004,4,30.0,0
207,2,2305,4,0.051,0
207,3,2368,4,0.041,0
207,4,2543,4,30.0,0
207,5,2629,4,10.242,1
207,6,2832,4,6.815,0
207,7,2989,4,0.033,0
207,8,3069,4,30.0,0
207,9,3155,4,9.789,1
207,10,3381,4,0.0,0
208,1,2004,4,0.099,0
208,2,3632,4,0.065,0
208,3,3765,4,30.0,0
208,4,6975,4,30.0,0
208,5,7374,4,3.76,1
208,6,7820,4,2.553,0
208,7,8172,4,0.316,0
208,8,9678,4,25.671,0
208,9,10935,4,3.181,0
208,10,11234,4,0.0,0
209,1,2004,4,0.175,0
209,2,2602,4,3.766,0
209,3,3545,4,3.21,0
209,4,4383,4,4.845,0
209,5,5090,4,5.025,0
209,6,5834,4,5.508,0
209,7,6260,4,3.693,0
209,8,6486,4,6.101,0
209,9,6720,1,1.991,0
209,10,7525,4,0.0,0
210,1,2004,2,3.597,0
210,2,3101,4,2.63,0
210,3,3315,4,3.235,0
210,4,4356,4,5.311,0
210,5,7099,4,7.39,0
210,6,9968,1,3.87,0
210,7,11202,4,2.875,0
210,8,11253,4,7.254,0
210,9,11954,1,3.364,0
210,10,12129,4,0.0,0
211,1,2004,1,0.114,0
211,2,2081,1,0.04,0
211,3,3405,4,7.612,0
211,4,3626,1,0.036,0
211,5,4834,1,8.547,0
211,6,6280,1,0.121,0
211,7,6593,1,3.994,1
211,8,9177,4,0.113,0
211,9,9259,4,0.113,1
211,10,9393,1,0.0,1
212,1,2004,1,5.334,0
212,2,3957,1,0.03,0
212,3,5236,1,3.863,0
212,4,5505,1,4.152,0
212,5,6796,1,4.043,0
212,6,7646,1,5.008,0
212,7,8469,4,0.188,0
212,8,8930,1,0.162,0
212,9,9083,4,0.034,0
212,10,9837,4,0.0,0
213,1,2004,4,0.059,0
213,2,3287,4,0.037,0
213,3,3319,4,30.0,0
213,4,4631,4,0.088,0
213,5,5328,4,0.013,1
213,6,5527,4,0.039,0
213,7,6757,4,0.065,0
213,8,6985,4,0.13,0
213,9,7329,4,0.093,0
213,10,7686,4,0.0,0
214,1,2004,4,30.0,0
214,2,2312,4,0.039,1
214,3,2825,4,30.0,1
214,4,3708,4,0.047,1
214,5,4837,4,30.0,0
214,6,5143,4,0.034,0
214,7,5228,4,28.09,0
214,8,6129,4,30.0,0
214,9,7804,4,0.038,0
214,10,8027,4,0.0,1
215,1,2004,4,2.337,0
215,2,2774,4,2.982,0
215,3,3079,4,2.976,0
215,4,3264,4,30.0,0
215,5,3733,4,25.735,0
215,6,3905,4,26.205,0
215,7,4215,4,10.36,0
215,8,4286,4,30.0,1
215,9,8286,4,30.0,0
215,10,8641,4,0.0,0
216,1,2004,4,30.0,0
216,2,2255,4,0.05,0
216,3,2486,4,1.7,0
216,4,2615,4,2.228,0
216,5,3613,4,0.055,0
216,6,4562,4,30.0,0
216,7,5008,4,0.037,0
216,8,5703,4,4.084,0
216,9,6143,4,2.642,0
216,10,6370,4,0.0,1
217,1,2004,4,0.032,0
217,2,5564,4,30.0,0
217,3,5697,4,2.0,0
217,4,5841,4,1.727,0
217,5,6118,4,30.0,0
217,6,6179,4,7.25,1
217,7,7410,4,0.01,0
217,8,8298,4,30.0,0
217,9,10028,4,0.13,0
217,10,10416,4,0.0,0
218,1,2004,4,30.0,0
218,2,2111,4,0.005,1
218,3,2214,4,0.008,0
218,4,2378,4,30.0,0
218,5,2531,4,0.095,0
218,6,4102,4,0.115,0
218,7,5883,4,30.0,0
218,8,5969,4,0.156,0
218,9,6169,4,0.147,0
218,10,6315,4,0.0,0
219,1,2004,4,7.174,0
219,2,6004,4,5.88,0
219,3,9157,4,4.939,0
219,4,11746,4,6.446,0
219,5,14161,4,6.149,0
219,6,16744,4,8.209,0
219,7,20310,4,6.062,0
219,8,23910,4,8.024,0
219,9,26198,4,4.704,0
219,10,26604,4,0.0,0
220,1,2004,4,7.168,0
220,2,3919,4,0.042,0
220,3,5078,4,30.0,0
220,4,6906,4,13.391,0
220,5,7714,4,2.824,0
220,6,11190,4,30.0,0
220,7,14688,4,0.006,0
220,8,15325,4,0.04,0
220,9,19229,4,30.0,1
220,10,23058,4,0.0,0
221,1,2004,4,0.042,0
221,2,4192,4,0.04,1
221,3,8194,4,0.051,1
221,4,9924,4,0.05,0
221,5,11903,4,30.0,0
221,6,12183,4,0.059,0
221,7,13985,4,0.057,0
221,8,15638,4,1.189,0
221,9,15983,4,1.682,0
221,10,16097,4,0.0,0
222,1,2004,4,17.86,0
222,2,2074,4,1.185,0
222,3,2409,4,4.971,0
222,4,2661,4,1.674,0
222,5,2883,4,23.917,0
222,6,3640,4,1.588,0
222,7,3881,4,15.049,0
222,8,4099,4,15.301,0
222,9,4722,4,2.107,0
222,10,4967,4,0.0,0
223,1,2004,1,7.177,0
223,2,6004,3,0.008,0
223,3,10004,2,0.126,0
223,4,10360,2,7.551,0
223,5,11528,1,0.002,0
223,6,12167,3,5.156,0
223,7,12327,2,0.007,1
223,8,13221,2,7.57,0
223,9,13505,4,0.008,0
223,10,13937,4,0.0,0
224,1,2004,2,7.185,0
224,2,5824,2,8.209,0
224,3,7468,4,6.355,0
224,4,8672,3,5.62,1
224,5,9737,4,8.615,0
224,6,10749,2,5.626,0
224,7,11940,2,0.074,0
224,8,12402,2,0.006,0
224,9,12467,4,0.0,0
225,1,2004,3,7.067,0
225,2,6004,4,7.009,0
225,3,10006,3,5.093,1
225,4,12518,3,6.429,0
225,5,13064,1,5.612,0
225,6,14622,4,0.091,0
225,7,15084,4,0.123,0
225,8,15338,2,0.104,0
225,9,15531,1,0.001,0
225,10,17531,4,0.0,0
226,1,2004,4,1.921,0
226,2,2567,4,0.047,0
226,3,2726,4,2.685,1
226,4,5651,1,0.064,0
226,5,5864,4,0.015,0
226,6,6814,4,3.125,0
226,7,7724,1,2.524,0
226,8,8206,4,0.065,0
226,9,8373,4,0.016,0
226,10,8455,4,0.0,0
227,1,2004,1,6.326,0
227,2,4834,4,5.907,0
227,3,7537,4,5.855,0
227,4,11537,2,7.591,0
227,5,15013,2,6.298,0
227,6,18067,4,4.993,0
227,7,19422,3,0.007,0
227,8,20179,3,5.638,0
227,9,21157,1,0.007,0
227,10,22031,1,0.0,0
228,1,2004,4,2.107,0
228,2,2845,4,0.466,0
228,3,3888,4,0.095,1
228,4,3966,4,1.899,1
228,5,4097,1,2.544,0
228,6,7496,4,2.205,0
228,7,8794,1,2.694,0
228,8,10474,1,0.23,0
228,9,10762,4,0.023,0
228,10,11646,4,0.0,0
229,1,2004,3,0.095,0
229,2,2660,3,0.031,0
229,3,3969,4,0.031,0
229,4,4228,1,0.031,1
229,5,4681,3,0.038,0
229,6,5934,4,0.021,0
229,7,6658,1,0.022,0
229,8,8523,1,0.081,0
229,9,9158,1,0.015,0
229,10,10189,1,0.0,0
230,1,2004,4,7.936,0
230,2,6004,1,5.393,0
230,3,8804,4,7.88,0
230,4,12804,3,0.002,0
230,5,15167,1,0.359,0
230,6,18004,4,5.857,0
230,7,18226,4,4.897,0
230,8,19690,1,0.005,0
230,9,20708,1,0.133,0
230,10,20963,4,0.0,0
231,1,2004,4,3.701,0
231,2,4353,2,3.737,0
231,3,8353,4,8.654,0
231,4,9282,4,4.55,0
231,5,10198,2,7.967,0
231,6,11106,2,5.526,0
231,7,11950,3,0.005,1
231,8,14197,4,4.939,0
231,9,14601,4,4.19,1
231,10,15750,4,0.0,0
232,1,2004,4,0.043,0
232,2,2981,4,0.204,0
232,3,3068,4,0.036,0
232,4,3942,4,0.451,0
232,5,4112,4,2.314,1
232,6,4309,4,2.306,0
232,7,4506,4,2.277,0
232,8,4798,4,0.896,0
232,9,4878,4,2.37,0
232,10,5525,4,0.0,0
233,1,2004,4,0.01,0
233,2,2527,4,0.012,0
233,3,3171,4,0.059,0
233,4,4618,4,0.034,0
233,5,4707,4,30.0,0
233,6,4995,4,22.318,0
233,7,5086,4,2.328,0
233,8,6277,4,4.409,0
233,9,7353,4,18.73,0
233,10,8318,4,0.0,0
234,1,2004,4,0.108,0
234,2,2294,4,0.094,0
234,3,4015,4,0.103,0
234,4,4095,4,30.0,0
234,5,4317,4,21.576,0
234,6,4533,4,0.037,0
234,7,4914,4,30.0,0
234,8,5165,4,0.023,0
234,9,5467,4,5.606,0
234,10,6062,4,0.0,0
235,1,2004,4,22.889,0
235,2,2477,4,24.479,0
235,3,2827,4,6.026,0
235,4,3890,4,0.037,0
235,5,4554,4,0.073,0
235,6,4613,4,21.82,0
235,7,5070,4,0.037,0
235,8,5482,4,0.023,0
235,9,5798,4,0.094,0
235,10,5848,4,0.0,0
236,1,2004,4,30.0,0
236,2,2150,4,0.048,0
236,3,2266,4,30.0,0
236,4,2358,4,0.061,0
236,5,3101,4,0.238,0
236,6,3909,4,0.135,0
236,7,4066,4,0.229,0
236,8,4184,4,0.108,0
236,9,4322,4,0.048,0
236,10,4445,4,0.0,0
237,1,2004,4,1.611,0
237,2,2186,4,30.0,0
237,3,2423,4,2.224,0
237,4,4233,4,1.599,0
237,5,4977,4,0.069,1
237,6,5400,4,0.054,0
237,7,7275,4,0.077,0
237,8,9803,4,0.082,0
237,9,11288,4,0.057,0
237,10,12278,4,0.0,0
238,1,2004,4,1.724,0
238,2,2331,4,0.046,0
238,3,2382,4,30.0,1
238,4,4148,4,0.062,0
238,5,4301,4,0.069,0
238,6,4683,4,0.055,0
238,7,4776,4,0.065,0
238,8,4870,4,0.044,0
238,9,5014,4,0.089,0
238,10,5353,4,0.0,0
239,1,2004,4,7.107,0
239,2,2424,4,7.708,0
239,3,2744,4,5.333,0
239,4,3088,4,30.0,0
239,5,3358,4,7.193,0
239,6,3628,4,30.0,0
239,7,3779,4,30.0,0
239,8,4662,4,6.037,0
239,9,4855,4,30.0,0
239,10,5172,4,0.0,0
240,1,2004,4,0.057,0
240,2,2126,4,0.075,0
240,3,2571,4,0.054,0
240,4,2740,4,0.061,0
240,5,2942,4,0.064,0
240,6,3128,4,30.0,1
240,7,3778,4,11.457,0
240,8,5115,4,2.606,0
240,9,5775,4,0.147,1
240,10,6237,4,0.0,1
241,1,2004,4,3.362,0
241,2,2166,4,0.56,0
241,3,2284,4,0.205,0
241,4,3870,4,5.683,0
241,5,3922,4,2.106,0
241,6,3997,4,9.412,0
241,7,4094,4,30.0,0
241,8,5026,4,30.0,0
241,9,5485,4,30.0,0
241,10,5936,4,0.0,0
242,1,2004,4,0.179,0
242,2,2941,4,0.223,0
242,3,2986,4,0.199,0
242,4,3627,4,2.011,0
242,5,4234,4,2.908,0
242,6,5212,4,0.196,0
242,7,5997,4,0.283,0
242,8,7498,4,13.289,0
242,9,8406,4,5.814,0
242,10,8770,4,0.0,0
243,1,2004,4,22.912,0
243,2,2071,4,30.0,0
243,3,3236,4,0.238,0
243,4,4197,4,30.0,0
243,5,4784,4,0.227,0
243,6,5471,4,10.156,0
243,7,5607,4,0.332,0
243,8,6048,4,0.172,0
243,9,6445,4,0.122,0
243,10,6477,4,0.0,0
244,1,2004,4,30.0,0
244,2,2307,4,0.051,1
244,3,2370,4,0.041,0
244,4,2545,4,30.0,0
244,5,2629,4,10.242,0
244,6,2832,4,6.815,0
244,7,2989,4,0.033,0
244,8,3071,4,30.0,1
244,9,3155,4,9.789,0
244,10,3381,4,0.0,0
245,1,2004,4,0.099,0
245,2,3632,4,0.065,0
245,3,3765,4,30.0,0
245,4,6975,4,30.0,0
245,5,7372,4,3.76,0
245,6,7818,4,2.553,0
245,7,8170,4,0.316,0
245,8,9676,4,25.671,0
245,9,10935,4,3.181,1
245,10,11236,4,0.0,1
246,1,2004,4,0.175,0
246,2,2602,4,3.766,0
246,3,3545,4,3.21,0
246,4,4383,4,4.845,0
246,5,5090,4,5.025,0
246,6,5834,4,5.508,0
246,7,6260,4,3.693,0
246,8,6486,4,6.101,0
246,9,6720,1,1.991,0
246,10,7525,4,0.0,0
247,1,2004,2,3.597,0
247,2,3101,4,2.63,0
247,3,3315,4,3.235,0
247,4,4356,4,5.311,0
247,5,7099,4,7.39,0
247,6,9968,1,3.87,0
247,7,11202,4,2.875,0
247,8,11253,4,7.254,0
247,9,11956,1,3.364,1
247,10,12131,4,0.0,0
248,1,2004,1,0.114,0
248,2,2081,1,0.04,0
248,3,3405,4,7.612,0
248,4,3626,1,0.036,0
248,5,4834,1,8.547,0
248,6,6280,1,0.121,0
248,7,6591,1,3.994,0
248,8,9177,4,0.113,1
248,9,9257,4,0.113,0
248,10,9389,1,0.0,0
249,1,2004,1,5.334,0
249,2,3957,1,0.03,0
249,3,5236,1,3.863,0
249,4,5505,1,4.152,0
249,5,6796,1,4.043,0
249,6,7648,1,5.008,1
249,7,8471,4,0.188,0
249,8,8932,1,0.162,0
249,9,9085,4,0.034,0
249,10,9839,4,0.0,0
250,1,2004,4,0.059,0
250,2,3287,4,0.037,0
250,3,3321,4,30.0,1
250,4,4633,4,0.088,0
250,5,5328,4,0.013,0
250,6,5527,4,0.039,0
250,7,6757,4,0.065,0
250,8,6985,4,0.13,0
250,9,7329,4,0.093,0
250,10,7686,4,0.0,0
251,1,2004,4,30.0,0
251,2,2310,4,0.039,0
251,3,2821,4,30.0,0
251,4,3702,4,0.047,0
251,5,4831,4,30.0,0
251,6,5137,4,0.034,0
251,7,5222,4,28.09,0
251,8,6123,4,30.0,0
251,9,7798,4,0.038,0
251,10,8019,4,0.0,0
252,1,2004,4,2.337,0
252,2,2774,4,2.982,0
252,3,3079,4,2.976,0
252,4,3266,4,30.0,1
252,5,3735,4,25.735,0
252,6,3907,4,26.205,0
252,7,4217,4,10.36,0
252,8,4286,4,30.0,0
252,9,8286,4,30.0,0
252,10,8641,4,0.0,0
253,1,2004,4,30.0,0
253,2,2255,4,0.05,0
253,3,2488,4,1.7,1
253,4,2617,4,2.228,0
253,5,3615,4,0.055,0
253,6,4564,4,30.0,0
253,7,5012,4,0.037,1
253,8,5707,4,4.084,0
253,9,6147,4,2.642,0
253,10,6372,4,0.0,0
254,1,2004,4,0.032,0
254,2,5564,4,30.0,0
254,3,5697,4,2.0,0
254,4,5841,4,1.727,0
254,5,6118,4,30.0,0
254,6,6179,4,7.25,1
254,7,7410,4,0.01,0
254,8,8298,4,30.0,0
254,9,10028,4,0.13,0
254,10,10416,4,0.0,0
255,1,2004,4,30.0,0
255,2,2109,4,0.005,0
255,3,2212,4,0.008,0
255,4,2378,4,30.0,1
255,5,2531,4,0.095,0
255,6,4102,4,0.115,0
255,7,5883,4,30.0,0
255,8,5969,4,0.156,0
255,9,6169,4,0.147,0
255,10,6315,4,0.0,0
256,1,2004,4,7.174,0
256,2,6004,4,5.88,0
256,3,9157,4,4.939,0
256,4,11746,4,6.446,0
256,5,14161,4,6.149,0
256,6,16744,4,8.209,0
256,7,20312,4,6.062,1
256,8,23912,4,8.024,0
256,9,26200,4,4.704,0
256,10,26606,4,0.0,0
257,1,2004,4,7.168,0
257,2,3919,4,0.042,0
257,3,5078,4,30.0,0
257,4,6906,4,13.391,0
257,5,7714,4,2.824,0
257,6,11190,4,30.0,0
257,7,14688,4,0.006,0
257,8,15325,4,0.04,0
257,9,19227,4,30.0,0
257,10,23056,4,0.0,0
258,1,2004,4,0.042,0
258,2,4190,4,0.04,0
258,3,8190,4,0.051,0
258,4,9920,4,0.05,0
258,5,11899,4,30.0,0
258,6,12179,4,0.059,0
258,7,13981,4,0.057,0
258,8,15634,4,1.189,0
258,9,15979,4,1.682,0
258,10,16093,4,0.0,0
259,1,2004,4,17.86,0
259,2,2074,4,1.185,0
259,3,2409,4,4.971,0
259,4,2661,4,1.674,0
259,5,2883,4,23.917,0
259,6,3640,4,1.588,0
259,7,3881,4,15.049,0
259,8,4099,4,15.301,0
259,9,4722,4,2.107,0
259,10,4967,4,0.0,0
260,1,2004,1,7.177,0
260,2,6004,3,0.008,0
260,3,10004,2,0.126,0
260,4,10362,2,7.551,1
260,5,11530,1,0.002,0
260,6,12169,3,5.156,0
260,7,12327,2,0.007,0
260,8,13221,2,7.57,0
260,9,13505,4,0.008,0
260,10,13937,4,0.0,0
261,1,2004,2,7.185,0
261,2,5824,2,8.209,0
261,3,7468,4,6.355,0
261,4,8670,3,5.62,0
261,5,9735,4,8.615,0
261,6,10747,2,5.626,0
261,7,11938,2,0.074,0
261,8,12400,2,0.006,0
261,9,12465,4,0.0,0
262,1,2004,3,7.067,0
262,2,6004,4,7.009,0
262,3,10004,3,5.093,0
262,4,12516,3,6.429,0
262,5,13062,1,5.612,0
262,6,14620,4,0.091,0
262,7,15082,4,0.123,0
262,8,15338,2,0.104,1
262,9,15531,1,0.001,0
262,10,17531,4,0.0,0
263,1,2004,4,1.921,0
263,2,2567,4,0.047,0
263,3,2724,4,2.685,0
263,4,5651,1,0.064,1
263,5,5866,4,0.015,1
263,6,6816,4,3.125,0
263,7,7726,1,2.524,0
263,8,8208,4,0.065,0
263,9,8377,4,0.016,1
263,10,8459,4,0.0,0
264,1,2004,1,6.326,0
264,2,4834,4,5.907,0
264,3,7537,4,5.855,0
264,4,11537,2,7.591,0
264,5,15015,2,6.298,1
264,6,18069,4,4.993,0
264,7,19426,3,0.007,1
264,8,20183,3,5.638,0
264,9,21161,1,0.007,0
264,10,22035,1,0.0,0
265,1,2004,4,2.107,0
265,2,2845,4,0.466,0
265,3,3886,4,0.095,0
265,4,3962,4,1.899,0
265,5,4093,1,2.544,0
265,6,7492,4,2.205,0
265,7,8790,1,2.694,0
265,8,10470,1,0.23,0
265,9,10758,4,0.023,0
265,10,11642,4,0.0,0
266,1,2004,3,0.095,0
266,2,2660,3,0.031,0
266,3,3969,4,0.031,0
266,4,4226,1,0.031,0
266,5,4679,3,0.038,0
266,6,5932,4,0.021,0
266,7,6656,1,0.022,0
266,8,8521,1,0.081,0
266,9,9156,1,0.015,0
266,10,10187,1,0.0,0
267,1,2004,4,7.936,0
267,2,6004,1,5.393,0
267,3,8804,4,7.88,0
267,4,12804,3,0.002,0
267,5,15167,1,0.359,0
267,6,18004,4,5.857,0
267,7,18226,4,4.897,0
267,8,19690,1,0.005,0
267,9,20710,1,0.133,1
267,10,20965,4,0.0,0
268,1,2004,4,3.701,0
268,2,4353,2,3.737,0
268,3,8353,4,8.654,0
268,4,9282,4,4.55,0
268,5,10198,2,7.967,0
268,6,11106,2,5.526,0
268,7,11948,3,0.005,0
268,8,14195,4,4.939,0
268,9,14597,4,4.19,0
268,10,15746,4,0.0,0
269,1,2004,4,0.043,0
269,2,2981,4,0.204,0
269,3,3068,4,0.036,0
269,4,3942,4,0.451,0
269,5,4110,4,2.314,0
269,6,4307,4,2.306,0
269,7,4504,4,2.277,0
269,8,4798,4,0.896,1
269,9,4878,4,2.37,0
269,10,5525,4,0.0,0
270,1,2004,4,0.01,0
270,2,2527,4,0.012,0
270,3,3171,4,0.059,0
270,4,4618,4,0.034,0
270,5,4707,4,30.0,0
270,6,4997,4,22.318,1
270,7,5088,4,2.328,0
270,8,6279,4,4.409,0
270,9,7355,4,18.73,0
270,10,8320,4,0.0,0
271,1,2004,4,0.108,0
271,2,2294,4,0.094,0
271,3,4015,4,0.103,0
271,4,4095,4,30.0,0
271,5,4317,4,21.576,0
271,6,4533,4,0.037,0
271,7,4914,4,30.0,0
271,8,5165,4,0.023,0
271,9,5467,4,5.606,0
271,10,6062,4,0.0,0
272,1,2004,4,22.889,0
272,2,2477,4,24.479,0
272,3,2827,4,6.026,0
272,4,3890,4,0.037,0
272,5,4554,4,0.073,0
272,6,4613,4,21.82,0
272,7,5070,4,0.037,0
272,8,5482,4,0.023,0
272,9,5798,4,0.094,0
272,10,5848,4,0.0,0
273,1,2004,4,30.0,0
273,2,2152,4,0.048,1
273,3,2268,4,30.0,0
273,4,2360,4,0.061,0
273,5,3103,4,0.238,0
273,6,3911,4,0.135,0
273,7,4070,4,0.229,1
273,8,4188,4,0.108,0
273,9,4326,4,0.048,0
273,10,4449,4,0.0,0
274,1,2004,4,1.611,0
274,2,2186,4,30.0,0
274,3,2423,4,2.224,0
274,4,4233,4,1.599,0
274,5,4975,4,0.069,0
274,6,5398,4,0.054,0
274,7,7273,4,0.077,0
274,8,9801,4,0.082,0
274,9,11286,4,0.057,0
274,10,12276,4,0.0,0
275,1,2004,4,1.724,0
275,2,2331,4,0.046,0
275,3,2380,4,30.0,0
275,4,4146,4,0.062,0
275,5,4299,4,0.069,0
275,6,4681,4,0.055,0
275,7,4774,4,0.065,0
275,8,4868,4,0.044,0
275,9,5012,4,0.089,0
275,10,5351,4,0.0,0
276,1,2004,4,7.107,0
276,2,2424,4,7.708,0
276,3,2744,4,5.333,0
276,4,3088,4,30.0,0
276,5,3360,4,7.193,1
276,6,3630,4,30.0,0
276,7,3783,4,30.0,1
276,8,4666,4,6.037,0
276,9,4859,4,30.0,0
276,10,5176,4,0.0,0
277,1,2004,4,0.057,0
277,2,2128,4,0.075,1
277,3,2573,4,0.054,0
277,4,2742,4,0.061,0
277,5,2944,4,0.064,0
277,6,3128,4,30.0,0
277,7,3778,4,11.457,0
277,8,5115,4,2.606,0
277,9,5773,4,0.147,0
277,10,6233,4,0.0,0
278,1,2004,4,3.362,0
278,2,2166,4,0.56,0
278,3,2284,4,0.205,0
278,4,3870,4,5.683,0
278,5,3922,4,2.106,0
278,6,3997,4,9.412,0
278,7,4094,4,30.0,0
278,8,5026,4,30.0,0
278,9,5485,4,30.0,0
278,10,5936,4,0.0,0
279,1,2004,4,0.179,0
279,2,2941,4,0.223,0
279,3,2986,4,0.199,0
279,4,3627,4,2.011,0
279,5,4234,4,2.908,0
279,6,5212,4,0.196,0
279,7,5997,4,0.283,0
279,8,7498,4,13.289,0
279,9,8406,4,5.814,0
279,10,8770,4,0.0,0
280,1,2004,4,22.912,0
280,2,2071,4,30.0,0
280,3,3236,4,0.238,0
280,4,4197,4,30.0,0
280,5,4784,4,0.227,0
280,6,5471,4,10.156,0
280,7,5607,4,0.332,0
280,8,6048,4,0.172,0
280,9,6445,4,0.122,0
280,10,6477,4,0.0,0
281,1,2004,4,30.0,0
281,2,2305,4,0.051,0
281,3,2368,4,0.041,0
281,4,2543,4,30.0,0
281,5,2627,4,10.242,0
281,6,2830,4,6.815,0
281,7,2987,4,0.033,0
281,8,3067,4,30.0,0
281,9,3151,4,9.789,0
281,10,3377,4,0.0,0
282,1,2004,4,0.099,0
282,2,3632,4,0.065,0
282,3,3765,4,30.0,0
282,4,6975,4,30.0,0
282,5,7372,4,3.76,0
282,6,7818,4,2.553,0
282,7,8170,4,0.316,0
282,8,9676,4,25.671,0
282,9,10933,4,3.181,0
282,10,11232,4,0.0,0
283,1,2004,4,0.175,0
283,2,2602,4,3.766,0
283,3,3545,4,3.21,0
283,4,4385,4,4.845,1
283,5,5092,4,5.025,0
283,6,5836,4,5.508,0
283,7,6262,4,3.693,0
283,8,6488,4,6.101,0
283,9,6724,1,1.991,1
283,10,7529,4,0.0,0
284,1,2004,2,3.597,0
284,2,3101,4,2.63,0
284,3,3317,4,3.235,1
284,4,4358,4,5.311,0
284,5,7101,4,7.39,0
284,6,9970,1,3.87,0
284,7,11204,4,2.875,0
284,8,11255,4,7.254,0
284,9,11958,1,3.364,1
284,10,12133,4,0.0,0
285,1,2004,1,0.114,0
285,2,2081,1,0.04,0
285,3,3405,4,7.612,0
285,4,3626,1,0.036,0
285,5,4834,1,8.547,0
285,6,6280,1,0.121,0
285,7,6591,1,3.994,0
285,8,9175,4,0.113,0
285,9,9255,4,0.113,0
285,10,9387,1,0.0,0
286,1,2004,1,5.334,0
286,2,3957,1,0.03,0
286,3,5236,1,3.863,0
286,4,5507,1,4.152,1
286,5,6798,1,4.043,0
286,6,7650,1,5.008,1
286,7,8473,4,0.188,0
286,8,8934,1,0.162,0
286,9,9089,4,0.034,1
286,10,9843,4,0.0,0
287,1,2004,4,0.059,0
287,2,3287,4,0.037,0
287,3,3319,4,30.0,0
287,4,4631,4,0.088,0
287,5,5326,4,0.013,0
287,6,5525,4,0.039,0
287,7,6755,4,0.065,0
287,8,6983,4,0.13,0
287,9,7327,4,0.093,0
287,10,7684,4,0.0,0
288,1,2004,4,30.0,0
288,2,2310,4,0.039,0
288,3,2821,4,30.0,0
288,4,3702,4,0.047,0
288,5,4831,4,30.0,0
288,6,5137,4,0.034,0
288,7,5222,4,28.09,0
288,8,6123,4,30.0,0
288,9,7798,4,0.038,0
288,10,8019,4,0.0,0
289,1,2004,4,2.337,0
289,2,2774,4,2.982,0
289,3,3079,4,2.976,0
289,4,3264,4,30.0,0
289,5,3733,4,25.735,0
289,6,3905,4,26.205,0
289,7,4215,4,10.36,0
289,8,4284,4,30.0,0
289,9,8284,4,30.0,0
289,10,8639,4,0.0,0
290,1,2004,4,30.0,0
290,2,2255,4,0.05,0
290,3,2486,4,1.7,0
290,4,2617,4,2.228,1
290,5,3615,4,0.055,0
290,6,4564,4,30.0,0
290,7,5010,4,0.037,0
290,8,5705,4,4.084,0
290,9,6145,4,2.642,0
290,10,6370,4,0.0,0
291,1,2004,4,0.032,0
291,2,5566,4,30.0,1
291,3,5699,4,2.0,0
291,4,5843,4,1.727,0
291,5,6120,4,30.0,0
291,6,6179,4,7.25,0
291,7,7410,4,0.01,0
291,8,8298,4,30.0,0
291,9,10028,4,0.13,0
291,10,10416,4,0.0,0
292,1,2004,4,30.0,0
292,2,2109,4,0.005,0
292,3,2212,4,0.008,0
292,4,2378,4,30.0,1
292,5,2533,4,0.095,1
292,6,4104,4,0.115,0
292,7,5885,4,30.0,0
292,8,5973,4,0.156,1
292,9,6173,4,0.147,0
292,10,6319,4,0.0,0
293,1,2004,4,7.174,0
293,2,6004,4,5.88,0
293,3,9157,4,4.939,0
293,4,11746,4,6.446,0
293,5,14161,4,6.149,0
293,6,16744,4,8.209,0
293,7,20310,4,6.062,0
293,8,23912,4,8.024,1
293,9,26200,4,4.704,0
293,10,26606,4,0.0,0
294,1,2004,4,7.168,0
294,2,3919,4,0.042,0
294,3,5078,4,30.0,0
294,4,6906,4,13.391,0
294,5,7714,4,2.824,0
294,6,11190,4,30.0,0
294,7,14688,4,0.006,0
294,8,15325,4,0.04,0
294,9,19227,4,30.0,0
294,10,23056,4,0.0,0
295,1,2004,4,0.042,0
295,2,4192,4,0.04,1
295,3,8192,4,0.051,0
295,4,9922,4,0.05,0
295,5,11901,4,30.0,0
295,6,12181,4,0.059,0
295,7,13983,4,0.057,0
295,8,15636,4,1.189,0
295,9,15981,4,1.682,0
295,10,16097,4,0.0,1
296,1,2004,4,17.86,0
296,2,2074,4,1.185,0
296,3,2409,4,4.971,0
296,4,2661,4,1.674,0
296,5,2883,4,23.917,0
296,6,3640,4,1.588,0
296,7,3881,4,15.049,0
296,8,4101,4,15.301,1
296,9,4726,4,2.107,1
296,10,4971,4,0.0,0
297,1,2004,1,7.177,0
297,2,6004,3,0.008,0
297,3,10004,2,0.126,0
297,4,10360,2,7.551,0
297,5,11528,1,0.002,0
297,6,12167,3,5.156,0
297,7,12325,2,0.007,0
297,8,13221,2,7.57,1
297,9,13505,4,0.008,0
297,10,13937,4,0.0,0
298,1,2004,2,7.185,0
298,2,5824,2,8.209,0
298,3,7468,4,6.355,0
298,4,8670,3,5.62,0
298,5,9735,4,8.615,0
298,6,10747,2,5.626,0
298,7,11938,2,0.074,0
298,8,12402,2,0.006,1
298,9,12467,4,0.0,0
299,1,2004,3,7.067,0
299,2,6004,4,7.009,0
299,3,10004,3,5.093,0
299,4,12516,3,6.429,0
299,5,13062,1,5.612,0
299,6,14620,4,0.091,0
299,7,15082,4,0.123,0
299,8,15338,2,0.104,1
299,9,15531,1,0.001,0
299,10,17531,4,0.0,0
300,1,2004,4,1.921,0
300,2,2567,4,0.047,0
300,3,2724,4,2.685,0
300,4,5649,1,0.064,0
300,5,5862,4,0.015,0
300,6,6812,4,3.125,0
300,7,7722,1,2.524,0
300,8,8204,4,0.065,0
300,9,8371,4,0.016,0
300,10,8453,4,0.0,0
301,1,2004,1,6.326,0
301,2,4834,4,5.907,0
301,3,7537,4,5.855,0
301,4,11537,2,7.591,0
301,5,15015,2,6.298,1
301,6,18069,4,4.993,0
301,7,19424,3,0.007,0
301,8,20181,3,5.638,0
301,9,21159,1,0.007,0
301,10,22035,1,0.0,1
302,1,2004,4,2.107,0
302,2,2845,4,0.466,0
302,3,3886,4,0.095,0
302,4,3962,4,1.899,0
302,5,4093,1,2.544,0
302,6,7492,4,2.205,0
302,7,8790,1,2.694,0
302,8,10470,1,0.23,0
302,9,10758,4,0.023,0
302,10,11642,4,0.0,0
303,1,2004,3,0.095,0
303,2,2660,3,0.031,0
303,3,3971,4,0.031,1
303,4,4228,1,0.031,0
303,5,4683,3,0.038,1
303,6,5936,4,0.021,0
303,7,6660,1,0.022,0
303,8,8525,1,0.081,0
303,9,9160,1,0.015,0
303,10,10191,1,0.0,0
304,1,2004,4,7.936,0
304,2,6004,1,5.393,0
304,3,8804,4,7.88,0
304,4,12804,3,0.002,0
304,5,15167,1,0.359,0
304,6,18004,4,5.857,0
304,7,18226,4,4.897,0
304,8,19690,1,0.005,0
304,9,20708,1,0.133,0
304,10,20963,4,0.0,0
305,1,2004,4,3.701,0
305,2,4353,2,3.737,0
305,3,8353,4,8.654,0
305,4,9284,4,4.55,1
305,5,10200,2,7.967,0
305,6,11108,2,5.526,0
305,7,11950,3,0.005,0
305,8,14197,4,4.939,0
305,9,14599,4,4.19,0
305,10,15748,4,0.0,0
306,1,2004,4,0.043,0
306,2,2983,4,0.204,1
306,3,3070,4,0.036,0
306,4,3944,4,0.451,0
306,5,4112,4,2.314,0
306,6,4309,4,2.306,0
306,7,4506,4,2.277,0
306,8,4798,4,0.896,0
306,9,4878,4,2.37,0
306,10,5525,4,0.0,0
307,1,2004,4,0.01,0
307,2,2527,4,0.012,0
307,3,3171,4,0.059,0
307,4,4618,4,0.034,0
307,5,4707,4,30.0,0
307,6,4995,4,22.318,0
307,7,5086,4,2.328,0
307,8,6277,4,4.409,0
307,9,7353,4,18.73,0
307,10,8318,4,0.0,0
308,1,2004,4,0.108,0
308,2,2294,4,0.094,0
308,3,4017,4,0.103,1
308,4,4097,4,30.0,0
308,5,4319,4,21.576,0
308,6,4535,4,0.037,0
308,7,4916,4,30.0,0
308,8,5167,4,0.023,0
308,9,5469,4,5.606,0
308,10,6064,4,0.0,0
309,1,2004,4,22.889,0
309,2,2477,4,24.479,0
309,3,2827,4,6.026,0
309,4,3890,4,0.037,0
309,5,4556,4,0.073,1
309,6,4615,4,21.82,0
309,7,5072,4,0.037,0
309,8,5484,4,0.023,0
309,9,5800,4,0.094,0
309,10,5850,4,0.0,0
310,1,2004,4,30.0,0
310,2,2150,4,0.048,0
310,3,2266,4,30.0,0
310,4,2358,4,0.061,0
310,5,3101,4,0.238,0
310,6,3911,4,0.135,1
310,7,4068,4,0.229,0
310,8,4186,4,0.108,0
310,9,4326,4,0.048,1
310,10,4449,4,0.0,0
311,1,2004,4,1.611,0
311,2,2186,4,30.0,0
311,3,2423,4,2.224,0
311,4,4233,4,1.599,0
311,5,4975,4,0.069,0
311,6,5398,4,0.054,0
311,7,7273,4,0.077,0
311,8,9803,4,0.082,1
311,9,11288,4,0.057,0
311,10,12278,4,0.0,0
312,1,2004,4,1.724,0
312,2,2331,4,0.046,0
312,3,2380,4,30.0,0
312,4,4146,4,0.062,0
312,5,4299,4,0.069,0
312,6,4681,4,0.055,0
312,7,4774,4,0.065,0
312,8,4868,4,0.044,0
312,9,5012,4,0.089,0
312,10,5351,4,0.0,0
313,1,2004,4,7.107,0
313,2,2424,4,7.708,0
313,3,2744,4,5.333,0
313,4,3090,4,30.0,1
313,5,3360,4,7.193,0
313,6,3630,4,30.0,0
313,7,3781,4,30.0,0
313,8,4664,4,6.037,0
313,9,4857,4,30.0,0
313,10,5174,4,0.0,0
314,1,2004,4,0.057,0
314,2,2126,4,0.075,0
314,3,2571,4,0.054,0
314,4,2740,4,0.061,0
314,5,2944,4,0.064,1
314,6,3128,4,30.0,0
314,7,3778,4,11.457,0
314,8,5115,4,2.606,0
314,9,5773,4,0.147,0
314,10,6233,4,0.0,0
315,1,2004,4,3.362,0
315,2,2166,4,0.56,0
315,3,2284,4,0.205,0
315,4,3870,4,5.683,0
315,5,3922,4,2.106,0
315,6,3997,4,9.412,0
315,7,4094,4,30.0,0
315,8,5026,4,30.0,0
315,9,5485,4,30.0,0
315,10,5936,4,0.0,0
316,1,2004,4,0.179,0
316,2,2941,4,0.223,0
316,3,2986,4,0.199,0
316,4,3627,4,2.011,0
316,5,4234,4,2.908,0
316,6,5212,4,0.196,0
316,7,5997,4,0.283,0
316,8,7498,4,13.289,0
316,9,8406,4,5.814,0
316,10,8770,4,0.0,0
317,1,2004,4,22.912,0
317,2,2071,4,30.0,0
317,3,3238,4,0.238,1
317,4,4199,4,30.0,0
317,5,4786,4,0.227,0
317,6,5473,4,10.156,0
317,7,5611,4,0.332,1
317,8,6052,4,0.172,0
317,9,6449,4,0.122,0
317,10,6483,4,0.0,1
318,1,2004,4,30.0,0
318,2,2305,4,0.051,0
318,3,2368,4,0.041,0
318,4,2543,4,30.0,0
318,5,2627,4,10.242,0
318,6,2832,4,6.815,1
318,7,2989,4,0.033,0
318,8,3069,4,30.0,0
318,9,3153,4,9.789,0
318,10,3379,4,0.0,0
319,1,2004,4,0.099,0
319,2,3632,4,0.065,0
319,3,3765,4,30.0,0
319,4,6975,4,30.0,0
319,5,7372,4,3.76,0
319,6,7818,4,2.553,0
319,7,8170,4,0.316,0
319,8,9676,4,25.671,0
319,9,10933,4,3.181,0
319,10,11232,4,0.0,0
320,1,2004,4,0.175,0
320,2,2602,4,3.766,0
320,3,3545,4,3.21,0
320,4,4383,4,4.845,0
320,5,5090,4,5.025,0
320,6,5834,4,5.508,0
320,7,6260,4,3.693,0
320,8,6486,4,6.101,0
320,9,6720,1,1.991,0
320,10,7525,4,0.0,0
321,1,2004,2,3.597,0
321,2,3101,4,2.63,0
321,3,3315,4,3.235,0
321,4,4356,4,5.311,0
321,5,7099,4,7.39,0
321,6,9968,1,3.87,0
321,7,11202,4,2.875,0
321,8,11253,4,7.254,0
321,9,11956,1,3.364,1
321,10,12131,4,0.0,0
322,1,2004,1,0.114,0
322,2,2081,1,0.04,0
322,3,3405,4,7.612,0
322,4,3626,1,0.036,0
322,5,4834,1,8.547,0
322,6,6280,1,0.121,0
322,7,6591,1,3.994,0
322,8,9175,4,0.113,0
322,9,9255,4,0.113,0
322,10,9389,1,0.0,1
323,1,2004,1,5.334,0
323,2,3957,1,0.03,0
323,3,5236,1,3.863,0
323,4,5507,1,4.152,1
323,5,6800,1,4.043,1
323,6,7650,1,5.008,0
323,7,8473,4,0.188,0
323,8,8934,1,0.162,0
323,9,9087,4,0.034,0
323,10,9841,4,0.0,0
324,1,2004,4,0.059,0
324,2,3287,4,0.037,0
324,3,3319,4,30.0,0
324,4,4633,4,0.088,1
324,5,5328,4,0.013,0
324,6,5527,4,0.039,0
324,7,6757,4,0.065,0
324,8,6985,4,0.13,0
324,9,7329,4,0.093,0
324,10,7688,4,0.0,1
325,1,2004,4,30.0,0
325,2,2310,4,0.039,0
325,3,2821,4,30.0,0
325,4,3702,4,0.047,0
325,5,4831,4,30.0,0
325,6,5137,4,0.034,0
325,7,5222,4,28.09,0
325,8,6123,4,30.0,0
325,9,7798,4,0.038,0
325,10,8019,4,0.0,0
326,1,2004,4,2.337,0
326,2,2774,4,2.982,0
326,3,3079,4,2.976,0
326,4,3264,4,30.0,0
326,5,3733,4,25.735,0
326,6,3905,4,26.205,0
326,7,4215,4,10.36,0
326,8,4284,4,30.0,0
326,9,8284,4,30.0,0
326,10,8641,4,0.0,1
327,1,2004,4,30.0,0
327,2,2255,4,0.05,0
327,3,2486,4,1.7,0
327,4,2615,4,2.228,0
327,5,3613,4,0.055,0
327,6,4562,4,30.0,0
327,7,5008,4,0.037,0
327,8,5703,4,4.084,0
327,9,6143,4,2.642,0
327,10,6370,4,0.0,1
328,1,2004,4,0.032,0
328,2,5564,4,30.0,0
328,3,5697,4,2.0,0
328,4,5841,4,1.727,0
328,5,6118,4,30.0,0
328,6,6177,4,7.25,0
328,7,7408,4,0.01,0
328,8,8296,4,30.0,0
328,9,10026,4,0.13,0
328,10,10414,4,0.0,0
329,1,2004,4,30.0,0
329,2,2109,4,0.005,0
329,3,2212,4,0.008,0
329,4,2376,4,30.0,0
329,5,2529,4,0.095,0
329,6,4100,4,0.115,0
329,7,5881,4,30.0,0
329,8,5967,4,0.156,0
329,9,6167,4,0.147,0
329,10,6313,4,0.0,0
330,1,2004,4,7.174,0
330,2,6004,4,5.88,0
330,3,9157,4,4.939,0
330,4,11746,4,6.446,0
330,5,14161,4,6.149,0
330,6,16744,4,8.209,0
330,7,20312,4,6.062,1
330,8,23912,4,8.024,0
330,9,26200,4,4.704,0
330,10,26606,4,0.0,0
331,1,2004,4,7.168,0
331,2,3919,4,0.042,0
331,3,5078,4,30.0,0
331,4,6908,4,13.391,1
331,5,7716,4,2.824,0
331,6,11192,4,30.0,0
331,7,14690,4,0.006,0
331,8,15329,4,0.04,1
331,9,19231,4,30.0,0
331,10,23062,4,0.0,1
332,1,2004,4,0.042,0
332,2,4192,4,0.04,1
332,3,8192,4,0.051,0
332,4,9922,4,0.05,0
332,5,11901,4,30.0,0
332,6,12181,4,0.059,0
332,7,13983,4,0.057,0
332,8,15636,4,1.189,0
332,9,15981,4,1.682,0
332,10,16095,4,0.0,0
